timestamp,ret,equity,drawdown,benchmark_equity,active_ret
2022-01-01,0.0,1000000.0,0.0,1000000.0,0.0
2022-01-02,0.0,1000000.0,0.0,990854.0284330396,0.009145971566960398
2022-01-03,0.0,1000000.0,0.0,973250.6472293554,0.01776586732106511
2022-01-04,0.0,1000000.0,0.0,960382.7532628636,0.013221562197902492
2022-01-05,0.0,1000000.0,0.0,910492.8163042075,0.0519479726069183
2022-01-06,0.0,1000000.0,0.0,902764.410610056,0.008488156694659077
2022-01-07,0.0,1000000.0,0.0,871001.0864861861,0.0351845107655554
2022-01-08,0.0,1000000.0,0.0,873374.3830235745,-0.002724791707163998
2022-01-09,0.0,1000000.0,0.0,877248.4344436027,-0.004435728245905768
2022-01-10,0.0,1000000.0,0.0,876365.6251276907,0.0010063390041520348
2022-01-11,0.0,1000000.0,0.0,895367.0846023847,-0.021682114096984728
2022-01-12,0.0,1000000.0,0.0,919954.361293851,-0.027460554575093665
2022-01-13,0.0,1000000.0,0.0,891822.0174277832,0.03058015163545902
2022-01-14,0.0,1000000.0,0.0,902296.0795345606,-0.011744565509816507
2022-01-15,0.0,1000000.0,0.0,902805.9003429188,-0.0005650260706233645
2022-01-16,0.0,1000000.0,0.0,902541.2461378402,0.0002931462953200681
2022-01-17,0.0,1000000.0,0.0,884310.070794476,0.020199825128634497
2022-01-18,0.0,1000000.0,0.0,887463.7095802517,-0.003566213808853691
2022-01-19,0.0,1000000.0,0.0,872960.9525036853,0.01634180296051302
2022-01-20,0.0,1000000.0,0.0,852444.4891471867,0.023502154704235556
2022-01-21,0.0,1000000.0,0.0,763689.9878778732,0.10411763158690412
2022-01-22,0.0,1000000.0,0.0,734900.9327855848,0.03769730590849685
2022-01-23,0.0,1000000.0,0.0,759483.1804185221,-0.033449743409305954
2022-01-24,0.0,1000000.0,0.0,768196.0243196884,-0.011472069593911227
2022-01-25,0.0,1000000.0,0.0,774439.8100273138,-0.008127854753159802
2022-01-26,0.0,1000000.0,0.0,771318.0219455537,0.004031027384361674
2022-01-27,0.0,1000000.0,0.0,778667.9909854122,-0.009529103211304513
2022-01-28,0.0,1000000.0,0.0,790328.2822726731,-0.01497466368497391
2022-01-29,0.0,1000000.0,0.0,799763.6342491455,-0.011938522495158699
2022-01-30,0.0,1000000.0,0.0,793789.9508933387,0.0074693110564038045
2022-01-31,0.0,1000000.0,0.0,806051.2146747927,-0.015446484007078931
2022-02-01,0.0,1000000.0,0.0,810822.3244098974,-0.005919114875386322
2022-02-02,0.0,1000000.0,0.0,773141.4747504591,0.046472388000493026
2022-02-03,0.0,1000000.0,0.0,781842.7937258302,-0.011254497733651725
2022-02-04,0.0,1000000.0,0.0,871163.9022560564,-0.11424433306415893
2022-02-05,0.0,1000000.0,0.0,867147.7799325895,0.004610065124446061
2022-02-06,0.0,1000000.0,0.0,888066.1488831823,-0.02412318803632174
2022-02-07,0.0,1000000.0,0.0,918641.1483855151,-0.03442874108058658
2022-02-08,0.0,1000000.0,0.0,922894.8937244684,-0.004630475508776266
2022-02-09,0.0,1000000.0,0.0,929804.1915107397,-0.007486548937753801
2022-02-10,0.0,1000000.0,0.0,911421.3062350898,0.01977070596528674
2022-02-11,0.0,1000000.0,0.0,887916.5343919502,0.025789140194926174
2022-02-12,0.0,1000000.0,0.0,884650.5799656977,0.003678222332563097
2022-02-13,0.0,1000000.0,0.0,881209.6562114636,0.0038895851448687013
2022-02-14,0.0,1000000.0,0.0,891315.549325111,-0.01146820514552127
2022-02-15,0.0,1000000.0,0.0,933411.28374053,-0.04722876701443535
2022-02-16,0.0,1000000.0,0.0,919344.5879472326,0.015070201141052064
2022-02-17,0.0,1000000.0,0.0,848982.6109824161,0.07653493356819008
2022-02-18,0.0,1000000.0,0.0,837640.8267353135,0.013359265667383102
2022-02-19,0.0,1000000.0,0.0,839835.3821508236,-0.0026199241315199018
2022-02-20,0.0,1000000.0,0.0,804374.6522877503,0.042223429277602254
2022-02-21,0.0,1000000.0,0.0,775484.1778484641,0.035916689265527824
2022-02-22,0.0,1000000.0,0.0,801094.0297741222,-0.03302433841617636
2022-02-23,0.0,1000000.0,0.0,780552.002036769,0.025642467642837508
2022-02-24,0.0,1000000.0,0.0,803124.0930669191,-0.02891811304211722
2022-02-25,0.0,1000000.0,0.0,821814.5890892482,-0.02327223922638777
2022-02-26,0.0,1000000.0,0.0,819667.8097297617,0.0026122429413982795
2022-02-27,0.0,1000000.0,0.0,789961.7896323865,0.03624153558887355
2022-02-28,0.0,1000000.0,0.0,904392.3587646538,-0.14485582800848928
2022-03-01,0.0,1000000.0,0.0,930820.0613335598,-0.029221501390175986
2022-03-02,0.0,1000000.0,0.0,919751.5225998559,0.011891169081429398
2022-03-03,0.0,1000000.0,0.0,889598.5449257327,0.032783830124999525
2022-03-04,0.0,1000000.0,0.0,820337.0936023046,0.07785697460781071
2022-03-05,0.0,1000000.0,0.0,825561.0281491077,-0.006368034052761873
2022-03-06,0.0,1000000.0,0.0,805085.4258931557,0.024802045588147248
2022-03-07,0.0,1000000.0,0.0,796016.1474687598,0.011264988947395915
2022-03-08,0.0,1000000.0,0.0,811577.521365641,-0.019549068126776703
2022-03-09,0.0,1000000.0,0.0,878863.8099518783,-0.08290802395933139
2022-03-10,0.0,1000000.0,0.0,826064.7721784101,0.0600764727999884
2022-03-11,0.0,1000000.0,0.0,811555.309690472,0.01756455786109279
2022-03-12,0.0,1000000.0,0.0,813185.353286123,-0.0020085428265792515
2022-03-13,0.0,1000000.0,0.0,791601.891345095,0.026541872469552308
2022-03-14,0.0,1000000.0,0.0,831290.1735339509,-0.05013666923081428
2022-03-15,0.0,1000000.0,0.0,823096.1608376736,0.00985698250400735
2022-03-16,0.0,1000000.0,0.0,861519.6348065331,-0.04668163429380545
2022-03-17,0.0,1000000.0,0.0,857410.4749002833,0.004769664834362919
2022-03-18,0.0,1000000.0,0.0,875004.0075310152,-0.020519381493185218
2022-03-19,0.0,1000000.0,0.0,884299.803133313,-0.010623717745622097
2022-03-20,0.0,1000000.0,0.0,864623.1925511261,0.022251062945470856
2022-03-21,0.0,1000000.0,0.0,859177.979429055,0.006297787485904149
2022-03-22,0.0,1000000.0,0.0,887715.3720507976,-0.03321476260449119
2022-03-23,0.0,1000000.0,0.0,898582.9579874546,-0.012242196405308103
2022-03-24,0.0,1000000.0,0.0,921815.1129495114,-0.025854212741903693
2022-03-25,0.0,1000000.0,0.0,928556.1468191729,-0.007312782981060417
2022-03-26,0.0,1000000.0,0.0,932707.4250906016,-0.004470680944441696
2022-03-27,0.0,1000000.0,0.0,981248.1075547984,-0.05204277478490282
2022-03-28,0.0,1000000.0,0.0,987418.1337373343,-0.00628793689896745
2022-03-29,0.0,1000000.0,0.0,993968.2729270064,-0.006633602286480356
2022-03-30,0.0,1000000.0,0.0,986281.9855980336,0.007732930253737891
2022-03-31,0.0,1000000.0,0.0,953642.3480255182,0.033093616277219406
2022-04-01,0.0,1000000.0,0.0,969843.2505319802,-0.016988447021050623
2022-04-02,0.0,1000000.0,0.0,959942.5010974874,0.010208607864272912
2022-04-03,0.0,1000000.0,0.0,972438.6638210578,-0.013017615856453668
2022-04-04,0.0,1000000.0,0.0,976067.1295495955,-0.003731305493634096
2022-04-05,0.0,1000000.0,0.0,953374.3411147539,0.023249208735584892
2022-04-06,0.0,1000000.0,0.0,904611.7514429733,0.05114736947374088
2022-04-07,0.0,1000000.0,0.0,910347.3926950832,-0.006340445216371338
2022-04-08,0.0,1000000.0,0.0,885365.9635414212,0.0274416440955626
2022-04-09,0.0,1000000.0,0.0,895884.2394544312,-0.011880144873581244
2022-04-10,0.0,1000000.0,0.0,883413.8506558208,0.013919643017946681
2022-04-11,0.0,1000000.0,0.0,828337.2780011169,0.06234515410168928
2022-04-12,0.0,1000000.0,0.0,839746.7449942534,-0.01377393882437472
2022-04-13,0.0,1000000.0,0.0,862227.684338569,-0.026771094354726355
2022-04-14,0.0,1000000.0,0.0,836969.0283335063,0.02929464741605814
2022-04-15,0.0,1000000.0,0.0,849741.1606438454,-0.015259982004077077
2022-04-16,0.0,1000000.0,0.0,846112.0662829916,0.004270823315307148
2022-04-17,0.0,1000000.0,0.0,831431.6158050739,0.01735047999304573
2022-04-18,0.0,1000000.0,0.0,854963.6283819109,-0.028303004275403998
2022-04-19,0.0,1000000.0,0.0,869465.1281938452,-0.016961540035778544
2022-04-20,0.0,1000000.0,0.0,866636.4923154939,0.0032533057239767516
2022-04-21,0.0,1000000.0,0.0,848234.7480703609,0.021233521099448538
2022-04-22,0.0,1000000.0,0.0,832082.459796344,0.01904223837889374
2022-04-23,0.0,1000000.0,0.0,826475.4786249297,0.00673849220759537
2022-04-24,0.0,1000000.0,0.0,826654.2197468077,-0.00021626911687144812
2022-04-25,0.0,1000000.0,0.0,847104.6767101156,-0.024738828490552534
2022-04-26,0.0,1000000.0,0.0,798628.1147421611,0.057226176765098224
2022-04-27,0.0,1000000.0,0.0,822161.3845836304,-0.029467119184837465
2022-04-28,0.0,1000000.0,0.0,832771.6503588964,-0.012905332182001406
2022-04-29,0.0,1000000.0,0.0,808758.7340602415,0.028834934868767537
2022-04-30,0.0,1000000.0,0.0,788531.2320250444,0.025010551581493567
2022-05-01,0.0,1000000.0,0.0,806081.5985700707,-0.022257034131615505
2022-05-02,0.0,1000000.0,0.0,807272.0186326616,-0.0014767984589929561
2022-05-03,0.0,1000000.0,0.0,790587.9074192229,0.02066727302365534
2022-05-04,0.0,1000000.0,0.0,831680.5542022495,-0.0519773277549469
2022-05-05,0.0,1000000.0,0.0,765945.939716256,0.07903829680020158
2022-05-06,0.0,1000000.0,0.0,754647.3215548588,0.014751195320106825
2022-05-07,0.0,1000000.0,0.0,743303.0227784917,0.015032583370194197
2022-05-08,0.0,1000000.0,0.0,713254.6076129467,0.040425525317014155
2022-05-09,0.0,1000000.0,0.0,630231.3471695305,0.11640059462254393
2022-05-10,0.0,1000000.0,0.0,649945.0470583672,-0.031280100517649734
2022-05-11,0.0,1000000.0,0.0,609855.9069959441,0.061680814776365334
2022-05-12,0.0,1000000.0,0.0,608301.2992782252,0.002549139394872224
2022-05-13,0.0,1000000.0,0.0,613692.8691093222,-0.00886332124803002
2022-05-14,0.0,1000000.0,0.0,630449.9016714285,-0.02730524241943111
2022-05-15,0.0,1000000.0,0.0,656478.42271961,-0.04128562948328729
2022-05-16,0.0,1000000.0,0.0,625992.2699179528,0.04643892586044385
2022-05-17,0.0,1000000.0,0.0,637955.5619815747,-0.019110926186340693
2022-05-18,0.0,1000000.0,0.0,601712.6039731657,0.05681110122440747
2022-05-19,0.0,1000000.0,0.0,635321.5925771095,-0.0558555502776914
2022-05-20,0.0,1000000.0,0.0,611889.9516267432,0.03688154349566264
2022-05-21,0.0,1000000.0,0.0,617003.8755182287,-0.008357587631386831
2022-05-22,0.0,1000000.0,0.0,634791.655534636,-0.0288292840972304
2022-05-23,0.0,1000000.0,0.0,609965.0794748405,0.03910980215845139
2022-05-24,0.0,1000000.0,0.0,621394.2436138814,-0.018737407310072562
2022-05-25,0.0,1000000.0,0.0,619038.3392372385,0.0037913199242747275
2022-05-26,0.0,1000000.0,0.0,611897.0761263258,0.011536059494654305
2022-05-27,0.0,1000000.0,0.0,599920.5827840657,0.019572725233593657
2022-05-28,0.0,1000000.0,0.0,608334.4072468732,-0.01402489713515287
2022-05-29,0.0,1000000.0,0.0,617486.6651369946,-0.015044780931497082
2022-05-30,0.0,1000000.0,0.0,664971.8739424569,-0.07690078423787083
2022-05-31,0.0,1000000.0,0.0,666372.0476545203,-0.002105613435591014
2022-06-01,0.0,1000000.0,0.0,624563.5982075596,0.06274040094286226
2022-06-02,0.0,1000000.0,0.0,638116.7013986019,-0.02170011705763586
2022-06-03,0.0,1000000.0,0.0,622350.3933666715,0.02470756210795655
2022-06-04,0.0,1000000.0,0.0,625783.3544449017,-0.005516122613274499
2022-06-05,0.0,1000000.0,0.0,626939.4092742123,-0.001847372291223781
2022-06-06,0.0,1000000.0,0.0,657404.817209438,-0.048593863273796334
2022-06-07,0.0,1000000.0,0.0,652212.942910756,0.007897530049628454
2022-06-08,0.0,1000000.0,0.0,632923.1507470768,0.0295759113236711
2022-06-09,0.0,1000000.0,0.0,630935.8344517747,0.00313990141292253
2022-06-10,0.0,1000000.0,0.0,609603.1968048713,0.03381110484149241
2022-06-11,0.0,1000000.0,0.0,595622.8331829853,0.02293354709286577
2022-06-12,0.0,1000000.0,0.0,556853.6114402697,0.06509022082906779
2022-06-13,0.0,1000000.0,0.0,471210.421047448,0.153798392671479
2022-06-14,0.0,1000000.0,0.0,463855.42294906074,0.015608733953799026
2022-06-15,0.0,1000000.0,0.0,473228.5403262391,-0.02020698026464096
2022-06-16,0.0,1000000.0,0.0,427497.42522680515,0.09663642659402438
2022-06-17,0.0,1000000.0,0.0,428911.8479380335,-0.0033086110646816103
2022-06-18,0.0,1000000.0,0.0,397521.7218658225,0.07318549539518904
2022-06-19,0.0,1000000.0,0.0,431116.0423823906,-0.08450939576053496
2022-06-20,0.0,1000000.0,0.0,431113.7373972315,5.346553903051721e-06
2022-06-21,0.0,1000000.0,0.0,434249.14584584034,-0.007272810343595726
2022-06-22,0.0,1000000.0,0.0,418836.54826376983,0.035492522505829016
2022-06-23,0.0,1000000.0,0.0,442350.33050344005,-0.056140712497855016
2022-06-24,0.0,1000000.0,0.0,445023.27511150355,-0.006042596611200324
2022-06-25,0.0,1000000.0,0.0,450335.21818256093,-0.011936326408380493
2022-06-26,0.0,1000000.0,0.0,440840.3556801643,0.021083988369187567
2022-06-27,0.0,1000000.0,0.0,434648.11782245943,0.014046440571782393
2022-06-28,0.0,1000000.0,0.0,424982.4768741886,0.022237852994037355
2022-06-29,0.0,1000000.0,0.0,421665.81277443713,0.007804237304431916
2022-06-30,0.0,1000000.0,0.0,417877.25534939894,0.008984739360562877
2022-07-01,0.0,1000000.0,0.0,403996.8442657731,0.03321647901611702
2022-07-02,0.0,1000000.0,0.0,403431.2847253872,0.00139991078745616
2022-07-03,0.0,1000000.0,0.0,404751.8316774111,-0.003273288418677689
2022-07-04,0.0,1000000.0,0.0,424048.3292524619,-0.04767488634969341
2022-07-05,0.0,1000000.0,0.0,422772.62473898666,0.003008394151025384
2022-07-06,0.0,1000000.0,0.0,430917.18502639735,-0.019264634961733806
2022-07-07,0.0,1000000.0,0.0,453138.70876826835,-0.051567968310453294
2022-07-08,0.0,1000000.0,0.0,452505.25693774346,0.001397920368018779
2022-07-09,0.0,1000000.0,0.0,452444.0700589763,0.00013521805068350545
2022-07-10,0.0,1000000.0,0.0,437160.7611899173,0.0337794434283708
2022-07-11,0.0,1000000.0,0.0,418325.6797348849,0.04308502301021888
2022-07-12,0.0,1000000.0,0.0,405022.56266154547,0.0318008616678046
2022-07-13,0.0,1000000.0,0.0,424009.7731370743,-0.046879389510444236
2022-07-14,0.0,1000000.0,0.0,431427.00583475566,-0.01749307013091772
2022-07-15,0.0,1000000.0,0.0,436481.2096562115,-0.011715084482661453
2022-07-16,0.0,1000000.0,0.0,444141.3039720133,-0.017549654249343627
2022-07-17,0.0,1000000.0,0.0,435813.18304830097,0.018751061541074532
2022-07-18,0.0,1000000.0,0.0,470061.49071772,-0.07858483635090807
2022-07-19,0.0,1000000.0,0.0,490262.3806515354,-0.04297499440545827
2022-07-20,0.0,1000000.0,0.0,486630.5622173119,0.007407907637940858
2022-07-21,0.0,1000000.0,0.0,485140.49408404605,0.003062010997575748
2022-07-22,0.0,1000000.0,0.0,475347.2407756066,0.020186427288303888
2022-07-23,0.0,1000000.0,0.0,470448.93776854384,0.010304683790885893
2022-07-24,0.0,1000000.0,0.0,473143.8845076709,-0.00572845748554518
2022-07-25,0.0,1000000.0,0.0,446557.34750689665,0.056191230345159826
2022-07-26,0.0,1000000.0,0.0,445379.081002417,0.0026385558563929434
2022-07-27,0.0,1000000.0,0.0,480955.06012344244,-0.07987797505207106
2022-07-28,0.0,1000000.0,0.0,499614.543618177,-0.038796729760875115
2022-07-29,0.0,1000000.0,0.0,498164.917497247,0.0029014890367921042
2022-07-30,0.0,1000000.0,0.0,495435.8150689451,0.005478311162521732
2022-07-31,0.0,1000000.0,0.0,488097.7900430926,0.014811252643960215
2022-08-01,0.0,1000000.0,0.0,487567.4339124083,0.0010865776110919878
2022-08-02,0.0,1000000.0,0.0,481695.58899180987,0.012043144213879864
2022-08-03,0.0,1000000.0,0.0,478145.4927586794,0.007369999464933441
2022-08-04,0.0,1000000.0,0.0,474051.2104839105,0.008562837748708585
2022-08-05,0.0,1000000.0,0.0,488498.01928434375,-0.030475207068211052
2022-08-06,0.0,1000000.0,0.0,480991.93988598685,0.01536562913674333
2022-08-07,0.0,1000000.0,0.0,485605.6819979609,-0.009592140178206865
2022-08-08,0.0,1000000.0,0.0,498924.5148792028,-0.027427259142527527
2022-08-09,0.0,1000000.0,0.0,485093.55620444356,0.027721545569088568
2022-08-10,0.0,1000000.0,0.0,501942.99771701667,-0.034734416273037194
2022-08-11,0.0,1000000.0,0.0,501531.0340058649,0.0008207380380352847
2022-08-12,0.0,1000000.0,0.0,511364.72932664026,-0.019607351597429545
2022-08-13,0.0,1000000.0,0.0,512154.7106038744,-0.0015448489735974125
2022-08-14,0.0,1000000.0,0.0,509301.97715340595,0.005570061919580649
2022-08-15,0.0,1000000.0,0.0,504892.7500882702,0.008657392397688812
2022-08-16,0.0,1000000.0,0.0,499862.0152066155,0.009963967358959214
2022-08-17,0.0,1000000.0,0.0,489131.68065897404,0.021466593222143726
2022-08-18,0.0,1000000.0,0.0,485957.92563908314,0.006488549291297496
2022-08-19,0.0,1000000.0,0.0,436572.36134204594,0.10162518541515753
2022-08-20,0.0,1000000.0,0.0,442977.70555490925,-0.014671895841442906
2022-08-21,0.0,1000000.0,0.0,450846.9248878675,-0.017764368802941632
2022-08-22,0.0,1000000.0,0.0,448420.82323592657,0.0053812092708502846
2022-08-23,0.0,1000000.0,0.0,451130.0189742185,-0.006041636779357429
2022-08-24,0.0,1000000.0,0.0,447755.52070138586,0.0074801013696795815
2022-08-25,0.0,1000000.0,0.0,451756.97493747703,-0.008936694359062525
2022-08-26,0.0,1000000.0,0.0,424139.27139419096,0.061133983702428396
2022-08-27,0.0,1000000.0,0.0,419876.0965704961,0.010051356031431258
2022-08-28,0.0,1000000.0,0.0,409776.2802359045,0.024054277957439862
2022-08-29,0.0,1000000.0,0.0,425075.5144569714,-0.03733557787253883
2022-08-30,0.0,1000000.0,0.0,415141.65705383057,0.02336962978408963
2022-08-31,0.0,1000000.0,0.0,420136.3503493621,-0.012031298740236895
2022-09-01,0.0,1000000.0,0.0,421842.8775434722,-0.004061841334821459
2022-09-02,0.0,1000000.0,0.0,418079.4654110781,0.00892135990136822
2022-09-03,0.0,1000000.0,0.0,415565.7743230937,0.006012472020152426
2022-09-04,0.0,1000000.0,0.0,419094.4970574766,-0.00849136996455191
2022-09-05,0.0,1000000.0,0.0,414831.1126896764,0.010172847407288854
2022-09-06,0.0,1000000.0,0.0,393746.15617531695,0.05082780888262972
2022-09-07,0.0,1000000.0,0.0,404270.0897791717,-0.026727711340930327
2022-09-08,0.0,1000000.0,0.0,404834.3920549254,-0.0013958546279344564
2022-09-09,0.0,1000000.0,0.0,447588.514049408,-0.10560891770450676
2022-09-10,0.0,1000000.0,0.0,453628.20379840565,-0.013493844366906371
2022-09-11,0.0,1000000.0,0.0,457369.1947115254,-0.008246821696259232
2022-09-12,0.0,1000000.0,0.0,469289.530233547,-0.02606282989727804
2022-09-13,0.0,1000000.0,0.0,422725.26777117327,0.0992228879242214
2022-09-14,0.0,1000000.0,0.0,423838.7851470943,-0.0026341396193136912
2022-09-15,0.0,1000000.0,0.0,412841.28186510975,0.02594737354715615
2022-09-16,0.0,1000000.0,0.0,414966.4781817434,-0.005147732094602064
2022-09-17,0.0,1000000.0,0.0,421469.0508594971,-0.015670115586796207
2022-09-18,0.0,1000000.0,0.0,406854.6067747701,0.03467501126102601
2022-09-19,0.0,1000000.0,0.0,409386.73774402676,-0.006223675305853105
2022-09-20,0.0,1000000.0,0.0,395514.4988805102,0.03388541343562124
2022-09-21,0.0,1000000.0,0.0,386846.91650610307,0.021914701986754936
2022-09-22,0.0,1000000.0,0.0,406549.7201014608,-0.050931784007245406
2022-09-23,0.0,1000000.0,0.0,404208.69335629896,0.00575827907242854
2022-09-24,0.0,1000000.0,0.0,396467.92455993075,0.019150426310957425
2022-09-25,0.0,1000000.0,0.0,394097.5616400175,0.005978700351470523
2022-09-26,0.0,1000000.0,0.0,402907.6340060743,-0.022355054239346472
2022-09-27,0.0,1000000.0,0.0,399791.92270337004,0.007733065942992945
2022-09-28,0.0,1000000.0,0.0,406784.1999553667,-0.017489791201171112
2022-09-29,0.0,1000000.0,0.0,410528.54357417254,-0.009204742020994416
2022-09-30,0.0,1000000.0,0.0,406989.3436345213,0.008621081274490683
2022-10-01,0.0,1000000.0,0.0,404649.5741539916,0.005748969886127497
2022-10-02,0.0,1000000.0,0.0,399324.01071608526,0.01316092683166814
2022-10-03,0.0,1000000.0,0.0,411315.80077803705,-0.03003022543134226
2022-10-04,0.0,1000000.0,0.0,426167.0297018289,-0.03610663362725086
2022-10-05,0.0,1000000.0,0.0,422404.45574585616,0.00882887153097045
2022-10-06,0.0,1000000.0,0.0,418264.07376790646,0.00980193727037948
2022-10-07,0.0,1000000.0,0.0,409241.5236790075,0.02157142019781888
2022-10-08,0.0,1000000.0,0.0,406891.90562552545,0.005741396993050318
2022-10-09,0.0,1000000.0,0.0,407333.20551142877,-0.0010845629510001231
2022-10-10,0.0,1000000.0,0.0,400897.0583150765,0.015800693656367493
2022-10-11,0.0,1000000.0,0.0,399391.0648298027,0.003756559081783406
2022-10-12,0.0,1000000.0,0.0,401392.8396683752,-0.005012067156348277
2022-10-13,0.0,1000000.0,0.0,405994.42822223797,-0.011464052417239357
2022-10-14,0.0,1000000.0,0.0,401841.2640538609,0.010229608781979871
2022-10-15,0.0,1000000.0,0.0,399587.82674474246,0.005607779764540077
2022-10-16,0.0,1000000.0,0.0,403644.3910805453,-0.010151871664484391
2022-10-17,0.0,1000000.0,0.0,409655.7923753184,-0.01489281513036933
2022-10-18,0.0,1000000.0,0.0,404995.112383742,0.011377063569764756
2022-10-19,0.0,1000000.0,0.0,400731.5184718365,0.01052751942316199
2022-10-20,0.0,1000000.0,0.0,399012.20908729895,0.004290427144573172
2022-10-21,0.0,1000000.0,0.0,401578.07665751985,-0.006430549020266962
2022-10-22,0.0,1000000.0,0.0,402415.8339907777,-0.002086163020229792
2022-10-23,0.0,1000000.0,0.0,410086.1959677426,-0.019060785707404992
2022-10-24,0.0,1000000.0,0.0,405042.88843976584,0.012298164575072601
2022-10-25,0.0,1000000.0,0.0,420766.03038599045,-0.03881846193323013
2022-10-26,0.0,1000000.0,0.0,435256.42436034017,-0.03443812695872084
2022-10-27,0.0,1000000.0,0.0,425272.0668278059,0.022939023926430213
2022-10-28,0.0,1000000.0,0.0,431489.8690663655,-0.014620763326732344
2022-10-29,0.0,1000000.0,0.0,436054.3683135783,-0.010578462148112866
2022-10-30,0.0,1000000.0,0.0,432236.68425789406,0.008755064352293895
2022-10-31,0.0,1000000.0,0.0,429371.3781611036,0.006629021092251608
2022-11-01,0.0,1000000.0,0.0,429222.18275808217,0.000347474029732564
2022-11-02,0.0,1000000.0,0.0,422269.9284302107,0.01619733230747289
2022-11-03,0.0,1000000.0,0.0,423442.95633205597,-0.0027779101064715483
2022-11-04,0.0,1000000.0,0.0,443154.77032394457,-0.04655128559141963
2022-11-05,0.0,1000000.0,0.0,446315.74315340817,-0.007132886840308439
2022-11-06,0.0,1000000.0,0.0,438064.1058281549,0.018488340265463088
2022-11-07,0.0,1000000.0,0.0,431474.9914348846,0.015041438697228293
2022-11-08,0.0,1000000.0,0.0,388646.27173889114,0.09926118673428808
2022-11-09,0.0,1000000.0,0.0,333653.0976381235,0.14149929666047167
2022-11-10,0.0,1000000.0,0.0,368821.7230183151,-0.10540476209915228
2022-11-11,0.0,1000000.0,0.0,357698.2837290049,0.03015939299420778
2022-11-12,0.0,1000000.0,0.0,352287.2262961088,0.015127434709738652
2022-11-13,0.0,1000000.0,0.0,342182.38090298837,0.028683541834204962
2022-11-14,0.0,1000000.0,0.0,348250.9877385266,-0.017735006751439686
2022-11-15,0.0,1000000.0,0.0,354141.4820845028,-0.016914508654312543
2022-11-16,0.0,1000000.0,0.0,349158.31371476635,0.014071123044962497
2022-11-17,0.0,1000000.0,0.0,349782.75514876057,-0.0017884192054620218
2022-11-18,0.0,1000000.0,0.0,349948.0854478952,-0.00047266566662029774
2022-11-19,0.0,1000000.0,0.0,349952.90496231866,-1.3772083985674755e-05
2022-11-20,0.0,1000000.0,0.0,341142.6230521565,0.025175621591456254
2022-11-21,0.0,1000000.0,0.0,330687.62945896754,0.03064698717401404
2022-11-22,0.0,1000000.0,0.0,340025.9625146549,-0.028239136344367255
2022-11-23,0.0,1000000.0,0.0,347908.3831262513,-0.023181819862524877
2022-11-24,0.0,1000000.0,0.0,347821.21277841856,0.00025055546822250196
2022-11-25,0.0,1000000.0,0.0,346211.70450509334,0.004627401130794517
2022-11-26,0.0,1000000.0,0.0,344879.6326272744,0.0038475645406708114
2022-11-27,0.0,1000000.0,0.0,344255.4007373856,0.0018099992891241756
2022-11-28,0.0,1000000.0,0.0,339731.9721348248,0.013139746225830473
2022-11-29,0.0,1000000.0,0.0,344543.52388226544,-0.014162787556336154
2022-11-30,0.0,1000000.0,0.0,359653.9588643966,-0.0438563894972368
2022-12-01,0.0,1000000.0,0.0,355750.7808137226,0.010852593039704872
2022-12-02,0.0,1000000.0,0.0,358168.2911573435,-0.0067955166200655
2022-12-03,0.0,1000000.0,0.0,353819.4127945535,0.01214199712860553
2022-12-04,0.0,1000000.0,0.0,358439.8603178993,-0.013058773363655796
2022-12-05,0.0,1000000.0,0.0,355519.86320960795,0.00814640733790506
2022-12-06,0.0,1000000.0,0.0,358089.08348551474,-0.007226657471996134
2022-12-07,0.0,1000000.0,0.0,352801.86661889055,0.014765088103664614
2022-12-08,0.0,1000000.0,0.0,360920.86252544646,-0.023012905187733468
2022-12-09,0.0,1000000.0,0.0,358918.8781427687,0.005546879082216072
2022-12-10,0.0,1000000.0,0.0,358896.45692349435,6.246876561721848e-05
2022-12-11,0.0,1000000.0,0.0,358007.1517403161,0.0024778878866665854
2022-12-12,0.0,1000000.0,0.0,360621.8430870875,-0.0073034612131659404
2022-12-13,0.0,1000000.0,0.0,372458.3609669621,-0.03282252061757718
2022-12-14,0.0,1000000.0,0.0,373054.51394673175,-0.0016005896020749866
2022-12-15,0.0,1000000.0,0.0,363691.8737748217,0.025097244027040277
2022-12-16,0.0,1000000.0,0.0,348516.2705759214,0.041726539120575
2022-12-17,0.0,1000000.0,0.0,351542.08745742316,-0.008681996041394635
2022-12-18,0.0,1000000.0,0.0,350739.3239897615,0.0022835486739801736
2022-12-19,0.0,1000000.0,0.0,344467.0402838065,0.017883035282745152
2022-12-20,0.0,1000000.0,0.0,354036.50048771384,-0.027780481395326184
2022-12-21,0.0,1000000.0,0.0,352551.042324766,0.004195776878659463
2022-12-22,0.0,1000000.0,0.0,352483.15003462706,0.0001925743565845961
2022-12-23,0.0,1000000.0,0.0,351583.57719028584,0.0025521016940890373
2022-12-24,0.0,1000000.0,0.0,352790.9703254114,-0.003434156807819555
2022-12-25,0.0,1000000.0,0.0,352706.94313915924,0.00023817839264617113
2022-12-26,0.0,1000000.0,0.0,354535.84409080376,-0.005185327329728651
2022-12-27,0.0,1000000.0,0.0,350071.9260141672,0.012590879458420079
2022-12-28,0.0,1000000.0,0.0,346739.12701830256,0.00952032639066791
2022-12-29,0.0,1000000.0,0.0,348544.55903014605,-0.00520688861210683
2022-12-30,0.0,1000000.0,0.0,347999.95390029676,0.0015625122118235746
2022-12-31,0.0,1000000.0,0.0,346636.2408625673,0.003918716144773238
2023-01-01,0.0,1000000.0,0.0,348194.20128597214,-0.004494511074571994
2023-01-02,0.0,1000000.0,0.0,349370.16280529264,-0.003377315058600505
2023-01-03,0.0,1000000.0,0.0,349418.5674936325,-0.0001385484322735664
2023-01-04,0.0,1000000.0,0.0,353089.3611314544,-0.01050543382440261
2023-01-05,0.0,1000000.0,0.0,352701.4949924197,0.0010984928511914571
2023-01-06,0.0,1000000.0,0.0,355190.8789641816,-0.007058047689350921
2023-01-07,0.0,1000000.0,0.0,355042.5217375815,0.00041768309769840695
2023-01-08,0.0,1000000.0,0.0,358903.58142307686,-0.010874921873017529
2023-01-09,0.0,1000000.0,0.0,359960.31234644336,-0.0029443309514396443
2023-01-10,0.0,1000000.0,0.0,365458.7496712776,-0.015275120995956515
2023-01-11,0.0,1000000.0,0.0,375990.43640703097,-0.02881771676071887
2023-01-12,0.0,1000000.0,0.0,394919.81270947855,-0.05034536644957499
2023-01-13,0.0,1000000.0,0.0,417621.61154085107,-0.05748457813655716
2023-01-14,0.0,1000000.0,0.0,439097.9964440364,-0.0514254634092004
2023-01-15,0.0,1000000.0,0.0,437349.9795170636,0.003980926674976515
2023-01-16,0.0,1000000.0,0.0,443932.8075871729,-0.0150516254222266
2023-01-17,0.0,1000000.0,0.0,442867.4853554863,0.0023997375582056613
2023-01-18,0.0,1000000.0,0.0,433284.19524062466,0.02163918199406567
2023-01-19,0.0,1000000.0,0.0,441542.7475213551,-0.019060358931726196
2023-01-20,0.0,1000000.0,0.0,474978.0240619495,-0.07572375886205074
2023-01-21,0.0040813309031906275,1004081.3309031907,0.0,477415.8601837911,-0.0010511931260128726
2023-01-22,-0.0034212658454848555,1000646.1017396826,-0.0034212658454848394,475830.2399384778,-0.00010000993935965763
2023-01-23,0.009085818841738647,1009737.7909447813,0.0,480200.70134412055,-9.909846450040227e-05
2023-01-24,-0.012476130921059148,997140.1700690131,-0.012476130921059135,474258.86869232944,-0.0001024866611497588
2023-01-25,0.01881841968117337,1015904.7722703285,0.0,483228.4041225706,-9.432190861025092e-05
2023-01-26,-0.0023250350199450764,1013542.7580978706,-0.0023250350199450916,482153.6524061425,-0.0001009279367126803
2023-01-27,0.002704937739556268,1016284.3281549036,0.0,483505.421429866,-9.866857344720259e-05
2023-01-28,-0.0023359323717695446,1013910.3566938445,-0.002335932371769503,482425.01202259294,-0.00010139815687282283
2023-01-29,0.03118227488629688,1045526.3881463353,0.0,497505.9012858673,-7.831253649648318e-05
2023-01-30,-0.03871713573912006,1005046.6010576417,-0.03871713573912006,478308.5180726552,-0.00012988850528017348
2023-01-31,0.013009921479244735,1018122.1784203835,-0.026210921155742455,484573.4677349224,-8.821377352452586e-05
2023-02-01,0.026197442393579573,1044794.3755391772,-0.0007001378592231097,497303.90076829336,-7.397748600590504e-05
2023-02-02,-0.010380465108907555,1033948.92397791,-0.011073335211511545,492196.8918322849,-0.00011107263457044159
2023-02-03,-0.0025313684323664543,1031331.618311073,-0.013576672952682533,491001.65225527075,-0.00010299150262860213
2023-02-04,-0.004589520202328501,1026598.3010135342,-0.018103882740214332,488800.1818842834,-0.0001058889133591645
2023-02-05,-0.017011021029234463,1009134.8157264165,-0.034806938239444266,480545.6109415549,-0.00012360721750515058
2023-02-06,-0.00754135168036385,1001524.5751881244,-0.042085798557627785,476975.1889302039,-0.00011141801734426693
2023-02-07,0.020930795064261654,1022487.2808232089,-0.022035892718091563,486990.1399021218,-6.600142400059461e-05
2023-02-08,-0.012059044086277892,1010157.0616261034,-0.03382920500260152,481176.1291546047,-0.00012038194275754144
2023-02-09,-0.05099801025583961,958641.0614372866,-0.08310199311477154,456729.66610194516,-0.0001923663939747966
2023-02-10,-0.007968744215560597,951001.8960241593,-0.09040851880339727,453143.10919448093,-0.00011605328336328213
2023-02-11,0.01089929416496127,961367.1454403625,-0.08049461367989265,458116.8480794758,-7.679436882734869e-05
2023-02-12,-0.0037221629538468637,957788.7802665589,-0.08391716256471601,456461.2401029699,-0.00010822038996483041
2023-02-13,-0.0005405835454665997,957271.0154119142,-0.08441238187291791,456260.70639413357,-0.000101261011112741
2023-02-14,0.01950577631232564,975943.329708812,-0.06655313459939592,465184.56120940467,-5.2898564143699645e-05
2023-02-15,0.0958222095079111,1069460.3759160182,0.0,509696.12961560173,0.00013638474521004973
2023-02-16,-0.03332758751118703,1033817.8416479301,-0.033327587511187015,492799.9597675318,-0.00017809143631475344
2023-02-17,0.04475592862942279,1080087.3191845487,0.0,514849.238254791,1.3070903418732627e-05
2023-02-18,0.002428687646262917,1082710.5139135374,0.0,516147.99261985667,-9.390395641295513e-05
2023-02-19,-0.014761379274679687,1066728.2133729763,-0.014761379274679692,508600.42348863697,-0.00013850126461545376
2023-02-20,0.023466680678320806,1091760.7837267555,0.0,520553.6574352012,-3.552929738770416e-05
2023-02-21,-0.015844798989069542,1074462.053564456,-0.015844798989069545,512380.59914946056,-0.00014409615276678167
2023-02-22,-0.011172652048960785,1062457.4629001685,-0.026840422612139758,506723.9560250741,-0.00013272755967230765
2023-02-23,-0.01013882706110858,1051685.3904240394,-0.03670711927013683,501652.7791310835,-0.00013105688625691947
2023-02-24,-0.03173452839899893,1018310.6505348155,-0.06727676455021216,485834.0850728114,-0.00020137495834260388
2023-02-25,-0.0013216565585832951,1016964.793584861,-0.06850950433168737,485242.75160746527,-0.00010450551151852672
2023-02-26,0.01713754444429494,1034393.0729332047,-0.05254604456273339,493577.99703076005,-3.993094443077716e-05
2023-02-27,-0.002774263687816192,1031523.3937920375,-0.05517453166718082,492262.8982254758,-0.00010984425827198496
2023-02-28,-0.015075872695583192,1015972.2784247128,-0.06941860014731116,484917.9582441462,-0.0001551057480702056
2023-03-01,0.021041855071679105,1037350.2198641693,-0.049837441199210616,495131.1379397414,-1.981014809637749e-05
2023-03-02,-0.007052848147417912,1030033.9462877767,-0.05653879344179462,491701.9486554078,-0.0001270278513998413
2023-03-03,-0.04763417007156612,980969.1341108184,-0.1014797850109131,468422.0176373273,-0.00028855535163052615
2023-03-04,-0.0004495083701216984,980528.1802742046,-0.1018836773682742,468259.2018674571,-0.00010192485837412502
2023-03-05,0.0036601522289403388,984117.0626787741,-0.0985964349081459,470012.4573970641,-8.404654518923138e-05
2023-03-06,-0.0010068384344450454,983126.215796076,-0.09950400266242615,469588.34012780094,-0.000104485182763292
2023-03-07,-0.00960555209705427,973682.745712267,-0.10815376387804101,465145.1669175957,-0.00014370470749602848
2023-03-08,-0.022392730667927352,951879.3302315242,-0.1281246364407248,454824.70064005244,-0.00020510621955460717
2023-03-09,-0.062289383827511924,892587.3532732578,-0.18243321561121997,426678.3173189251,-0.0004053584403279631
2023-03-10,-0.010544591023231686,883175.3846804826,-0.19105412298677826,422245.83085809357,-0.00015623454736601872
2023-03-11,0.015120933595367037,896529.8210252989,-0.17882210609821536,428637.7642482134,-1.7009571839698978e-05
2023-03-12,0.07566859582706487,964368.973699373,-0.11668472794244093,460936.4735612964,0.00031660398908095466
2023-03-13,0.09661491601845795,1057541.4011041443,-0.0313432971147786,505283.7593888856,0.00040364099187506497
2023-03-14,0.02310819808914366,1081979.2772883293,-0.008959386144130187,516953.89924909873,1.1988002503349193e-05
2023-03-15,-0.015771873524104696,1064914.4369712356,-0.024589953363116077,508891.68979509734,-0.0001762672897535067
2023-03-16,0.02941126524509552,1096234.9179403281,0.0,523834.69903704006,4.7434902415988134e-05
2023-03-17,0.09623671039420256,1201732.960262164,0.0,574048.800726699,0.00037803249072076994
2023-03-18,-0.01798341133166037,1180121.7021269556,-0.0179834113316604,563830.5919725748,-0.0001831672736836154
2023-03-19,0.03968504443594356,1226954.8843156851,0.0,586155.001870181,9.086452544293522e-05
2023-03-20,-0.009290606885053565,1215555.7288198117,-0.009290606885053577,580793.6063902569,-0.00014388722418212652
2023-03-21,0.013983270759009736,1232553.1736985645,0.0,588933.5567073496,-3.1949497432126606e-05
2023-03-22,-0.030653504636183215,1194771.0992742532,-0.03065350463618322,571028.012903726,-0.00025017033862473337
2023-03-23,0.0384247937530684,1240679.9323459931,0.0,592913.6374446934,9.808464876859269e-05
2023-03-24,-0.02997172381347235,1203494.6160728014,-0.029971723813472385,575292.2354479478,-0.00025170915385097636
2023-03-25,0.00020998202261468535,1203747.3283064903,-0.02976803531404525,575469.9288492991,-9.889299846554955e-05
2023-03-26,0.018391685258166035,1225886.2702990617,-0.011923834392129014,586054.0016113942,-3.6657894542102554e-07
2023-03-27,-0.030411327162246704,1188605.4418692905,-0.041972541925648206,568386.4999114677,-0.0002647849471119068
2023-03-28,0.0049478823495145985,1194486.5217556525,-0.037232334775491864,571239.6524501469,-7.18578081486676e-05
2023-03-29,0.04002371177744424,1242294.3060244427,0.0,594028.2025411413,0.00013056011465195638
2023-03-30,-0.011455075563833184,1228063.730876413,-0.011455075563833201,587321.3243606548,-0.00016457091810118119
2023-03-31,0.015575543083987453,1247191.4904265609,0.0,596474.8395154084,-9.64814794657265e-06
2023-04-01,-0.0005468851136506414,1246509.4199665748,-0.0005468851136506919,596210.1853103297,-0.00010318793223429434
2023-04-02,-0.010030435016848638,1234006.3882317103,-0.01057183463490521,590324.9295669876,-0.00015932598794343722
2023-04-03,-0.013381329065372372,1217493.7426820102,-0.023811698502203184,582532.6129206992,-0.00018128235210845833
2023-04-04,0.013128526976224242,1233477.6421261951,-0.010995784052114852,590190.8213395526,-1.7875901473729527e-05
2023-04-05,6.156652837918664e-05,1233553.5830624541,-0.01093489449598661,590285.9543633894,-9.962375177585692e-05
2023-04-06,-0.004966232240500634,1227427.4694878643,-0.015846821510894803,587432.1731923941,-0.00013165816686699916
2023-04-07,-0.004678158622293926,1221685.3690882393,-0.020450846188501546,584760.6953930681,-0.00013043733422124504
2023-04-08,0.0010554773089714864,1222974.8302740143,-0.019416954283631365,585432.28425077,-9.30076405005753e-05
2023-04-09,0.013786655120497926,1239835.5624800515,-0.0058979940153323805,593507.6949834095,-7.272802309277182e-06
2023-04-10,0.04659103800901776,1297600.7882964916,0.0,621032.9895762287,0.00021372087315718602
2023-04-11,0.019023233758005187,1322285.3514168276,0.0,632831.9990612426,2.4227774337415298e-05
2023-04-12,-0.01051097868211437,1308386.8382764133,-0.010510978682114364,626286.8889300994,-0.00016840728741196465
2023-04-13,0.016261529755371873,1329663.209778582,0.0,636465.9129365198,8.556579117913188e-06
2023-04-14,0.002984700141125396,1333631.8557484574,0.0,638416.5590133828,-8.01082597881031e-05
2023-04-15,-0.005779217663767766,1325924.5069707525,-0.005779217663767768,634815.7531067536,-0.00013900383191789434
2023-04-16,0.00021704729524052446,1326212.2952986837,-0.00556342473208972,635016.0772714845,-9.851539165040002e-05
2023-04-17,-0.029156635006499232,1287544.4074635284,-0.034557848994289236,616693.959786391,-0.0003036371992319875
2023-04-18,0.032407236544517604,1329270.1636377696,-0.003270536836599385,636595.2016495314,0.00013638072158439485
2023-04-19,-0.05258032429979176,1259376.7073516585,-0.055678895248888305,603426.2556668585,-0.0004766548144953253
2023-04-20,-0.01946813332602715,1234858.9937052433,-0.07406306441876419,591829.0371553132,-0.00024918419573283224
2023-04-21,-0.03510459273173916,1191509.7716500955,-0.10656770343761811,571276.741756797,-0.0003778488441750216
2023-04-22,0.02039035708079706,1215805.0813592998,-0.08835029988319461,582885.6947382428,6.92900166174848e-05
2023-04-23,-0.008301940792128204,1205711.5395590863,-0.09591876171672575,578144.7593543108,-0.00016838145668940374
2023-04-24,-0.003012908022351879,1202078.8415889065,-0.09864267533240727,576475.3214668508,-0.00012533036909323503
2023-04-25,0.028856869291514764,1236767.073598733,-0.07263232482952518,593026.372173381,0.00014609869960824362
2023-04-26,0.003979190066486726,1241688.404852555,-0.06894215258850592,595425.652179835,-6.663338932488827e-05
2023-04-27,0.03743159704233334,1288166.7848751333,-0.03409117042109666,617584.5222342012,0.00021642169131630418
2023-04-28,-0.005611329498986128,1280938.4565955494,-0.03951120312984392,614209.3953290523,-0.00014628498501612075
2023-04-29,-0.002896247658660034,1277228.541589747,-0.04229301655894827,612506.8494729442,-0.00012431699616011205
2023-04-30,-5.635913737700449e-06,1277221.3432398632,-0.04229841411289297,612564.6836460256,-0.00010005799755785638
2023-05-01,-0.040297413253307046,1225752.6269553825,-0.08089131069273323,588153.8430912785,-0.00044718811552713067
2023-05-02,0.021528872948458844,1252141.6995273447,-0.061103936494812515,600760.0164701667,9.541038255700407e-05
2023-05-03,0.01243943838245376,1267717.639044716,-0.04942459676531132,608226.0729443986,1.175300136013746e-05
2023-05-04,-0.006636475525447105,1259304.4619600181,-0.05573306716397037,604286.643763496,-0.00015955952966950626
2023-05-05,0.02325705919394605,1288592.1803750226,-0.033772195212117016,618272.665076227,0.00011237867341340468
2023-05-06,-0.022584647705347405,1259489.7799453873,-0.0555941097863625,604497.0260452847,-0.0003038000970451149
2023-05-07,-0.014730570813085375,1240936.7765535444,-0.06950574762844941,595735.9869998838,-0.00023746552402048593
2023-05-08,-0.02713803038099838,1207260.1966105362,-0.0947575289186529,579783.1847141767,-0.0003597214759998302
2023-05-09,-0.001580176716849735,1205352.5121566728,-0.09618797199455917,578934.111999229,-0.00011571079694505659
2023-05-10,-0.0011803442499466188,1203929.78124979,-0.09725478132484795,578315.537800185,-0.00011187344088037232
2023-05-11,-0.023167259848229094,1176038.0271685545,-0.1181689143826416,565111.5350886843,-0.00033542869645586393
2023-05-12,-0.006606873709834815,1168268.0924450886,-0.12399506099872203,561473.639875405,-0.0001693919254498466
2023-05-13,-0.0008453612840387814,1167280.4838303577,-0.12473560165878043,561060.2093555155,-0.00010903015372754066
2023-05-14,0.0052729197010157325,1173435.4600901578,-0.12012040276916942,564042.8601513117,-4.317783372531636e-05
2023-05-15,0.009082278399012766,1184092.9276219702,-0.11212909130950785,569166.6326157495,-1.734229146732602e-06
2023-05-16,-0.0048762689250373414,1178318.9720746507,-0.11645858863099996,566478.1817438889,-0.00015278248398375993
2023-05-17,0.013803495069851346,1194583.8921963954,-0.10426262911515848,574268.4029491238,5.1471679907377776e-05
2023-05-18,-0.021658149214039857,1168711.4160105174,-0.12366264275037413,562024.1122402046,-0.0003366022752925302
2023-05-19,0.002122902819807315,1171192.4767711072,-0.12180226370356637,563260.00337366,-7.609737705127628e-05
2023-05-20,0.00825881126999417,1180865.1343975968,-0.114549394341758,567915.4447626022,-6.3617603263121936e-06
2023-05-21,-0.013336864974225815,1165116.095547365,-0.12635852951076845,560483.963065756,-0.0002513224601412567
2023-05-22,-0.0007081829325106259,1164290.980214105,-0.1269772274893024,562610.6261911273,-0.004502516518326116
2023-05-23,0.0,1164290.980214105,-0.1269772274893024,570370.8825892947,-0.013793298663241194
2023-05-24,0.0,1164290.980214105,-0.1269772274893024,551708.8845652955,0.03271905806144915
2023-05-25,0.0,1164290.980214105,-0.1269772274893024,554742.6641228014,-0.005498877473934849
2023-05-26,0.0,1164290.980214105,-0.1269772274893024,559606.8114406891,-0.008768294981564617
2023-05-27,0.0,1164290.980214105,-0.1269772274893024,562715.398243811,-0.005554948116372804
2023-05-28,0.0,1164290.980214105,-0.1269772274893024,588085.5317129289,-0.04508519501740316
2023-05-29,0.0,1164290.980214105,-0.1269772274893024,581199.9124105641,0.011708533760912077
2023-05-30,0.0,1164290.980214105,-0.1269772274893024,580319.827168022,0.0015142556351941394
2023-05-31,0.0,1164290.980214105,-0.1269772274893024,570176.8447477248,0.017478262753480966
2023-06-01,0.0,1164290.980214105,-0.1269772274893024,561953.9149649069,0.014421718206491185
2023-06-02,0.0,1164290.980214105,-0.1269772274893024,570852.4149434286,-0.01583492834831035
2023-06-03,0.0,1164290.980214105,-0.1269772274893024,567219.5487886783,0.006363932357385971
2023-06-04,0.0,1164290.980214105,-0.1269772274893024,568183.2421292617,-0.001698977658018963
2023-06-05,0.0,1164290.980214105,-0.1269772274893024,539119.2651707316,0.05115247125137512
2023-06-06,0.0,1164290.980214105,-0.1269772274893024,570590.2752676143,-0.05837485716062529
2023-06-07,0.0,1164290.980214105,-0.1269772274893024,551925.34362614,0.0327116189155523
2023-06-08,0.0,1164290.980214105,-0.1269772274893024,555262.7525923228,-0.006046848554291717
2023-06-09,0.0,1164290.980214105,-0.1269772274893024,554826.900853159,0.000784946833060296
2023-06-10,0.0,1164290.980214105,-0.1269772274893024,541487.3231054856,0.024042773930321393
2023-06-11,0.0,1164290.980214105,-0.1269772274893024,543254.6180901523,-0.003263779056785765
2023-06-12,0.0,1164290.980214105,-0.1269772274893024,542827.9862916247,0.0007853256729365432
2023-06-13,0.0,1164290.980214105,-0.1269772274893024,543436.9214618218,-0.0011217829323004747
2023-06-14,0.0,1164290.980214105,-0.1269772274893024,526555.0006129167,0.03106509731339835
2023-06-15,0.0,1164290.980214105,-0.1269772274893024,536401.268580014,-0.018699410233757652
2023-06-16,0.0,1164290.980214105,-0.1269772274893024,552043.9455897778,-0.029162266993092212
2023-06-17,0.0,1164290.980214105,-0.1269772274893024,555647.8946579876,-0.006528373505409135
2023-06-18,0.0,1164290.980214105,-0.1269772274893024,551938.5449047781,0.006675719981792838
2023-06-19,0.0,1164290.980214105,-0.1269772274893024,562507.5304912868,-0.019148844892382
2023-06-20,0.0,1164290.980214105,-0.1269772274893024,593177.2439292455,-0.05452320506922326
2023-06-21,0.0,1164290.980214105,-0.1269772274893024,628504.2846530946,-0.0595556236949355
2023-06-22,0.0,1164290.980214105,-0.1269772274893024,626220.8825369086,0.003633073269255882
2023-06-23,0.0,1164290.980214105,-0.1269772274893024,643059.4277560028,-0.026889146766998273
2023-06-24,-0.006342251227350326,1156906.7543158492,-0.13251415723976315,639684.300850854,-0.001093705355118102
2023-06-25,-0.002221708397944555,1154336.4448641469,-0.13444145782172157,638327.083680391,-0.00010000997786785426
2023-06-26,-0.006491107022733922,1146843.5234602916,-0.1400598909534423,634247.8885812085,-0.00010066048917456438
2023-06-27,0.013925861489722191,1162814.3075183847,-0.12808448410540324,643141.9881335176,-9.72038013657972e-05
2023-06-28,-0.020144485014550573,1139390.0121258756,-0.14564877314929606,630254.3970211212,-0.00010599996741844642
2023-06-29,0.01220320459491031,1153294.221557245,-0.13522295033212436,638005.4334786524,-9.506177842433239e-05
2023-06-30,0.0007112542422567092,1154114.5069648977,-0.13460787398694177,638522.7978748038,-9.965483312623924e-05
2023-07-01,0.0036400276393759867,1158315.5156692548,-0.13145782272935583,640909.5052349357,-9.783006605856848e-05
2023-07-02,0.0009184187239112962,1159379.3343270423,-0.13066013733124385,641561.8160349437,-9.937051884434389e-05
2023-07-03,0.017524064122037997,1179696.3721235553,-0.11542576983399278,652859.8055640248,-8.606984588777067e-05
2023-07-04,-0.012618737364615051,1164810.093433739,-0.12658797972396418,644694.081321972,-0.00011111448377587596
2023-07-05,-0.008614561427637835,1154775.7653323214,-0.13411204122426937,639210.3120845135,-0.0001085592843984573
2023-07-06,-0.02009867654492148,1131566.300742993,-0.1515152432318451,626441.1133916496,-0.00012215480949673285
2023-07-07,0.01494636834388352,1148479.1074794233,-0.1388334775230179,635855.3014134798,-8.168109377293398e-05
2023-07-08,-0.0020823188041224627,1146087.6078377771,-0.14062670076625244,634596.5699725392,-0.00010273093540069667
2023-07-09,-0.004197771305798348,1141276.5941636646,-0.14423415334274514,631999.8994188294,-0.0001059266968332917
2023-07-10,0.008229907500782563,1150669.1949664396,-0.13719127958242713,637256.5228460699,-8.753595462684949e-05
2023-07-11,0.006833634297971791,1158532.4474427819,-0.13129516031799246,641668.0548963648,-8.905992662766593e-05
2023-07-12,-0.008019623437389156,1149241.453474294,-0.13826184601047967,636594.9921054259,-0.00011356865995726384
2023-07-13,0.0353235239057732,1189836.7114295987,-0.10782221772751394,659104.8485362821,-3.6252262758607046e-05
2023-07-14,-0.03648084849898381,1146430.4586214065,-0.14036962023675584,635170.3017330345,-0.00016713171113047487
2023-07-15,-0.0008436584460214114,1145463.2628822143,-0.14109485466709973,634699.0370400639,-0.0001017083081058523
2023-07-16,-0.0020035835907713517,1143168.231484872,-0.1428157429223178,633493.5298018866,-0.00010424679045228924
2023-07-17,-0.0032161044147573925,1139491.6830887832,-0.14557253699576586,631524.0247555407,-0.00010714599025407612
2023-07-18,-0.009374919131226456,1128809.0407091207,-0.15358272536492956,625680.4682891668,-0.00012181673557976058
2023-07-19,0.001581070577560073,1130593.7674710697,-0.15224447991566545,626729.8651688455,-9.61383699209506e-05
2023-07-20,-0.003760963344023316,1126341.6457546297,-0.1554328573513961,624441.4339941308,-0.00010957970667546668
2023-07-21,0.0033222306292226556,1130083.6124691248,-0.15262701052165384,626572.9166339255,-9.119218956943342e-05
2023-07-22,-0.003712668979764744,1125887.9860965703,-0.15577302593398057,624315.7075309106,-0.00011020062677369324
2023-07-23,0.009652661948341024,1136755.8022180588,-0.1476239883456505,630387.247983924,-7.245049040505158e-05
2023-07-24,-0.03034630059339183,1102259.4689426674,-0.17349044701390987,611376.3590244886,-0.00018882355013760677
2023-07-25,0.0017016090422234953,1104135.0836218966,-0.1720840508850647,612474.5796807178,-9.469963085240174e-05
2023-07-26,0.004123118975800866,1108687.5639370256,-0.16867045492490063,615053.0198972607,-8.675405743918674e-05
2023-07-27,-0.0045159868669143455,1103680.7454587747,-0.17242472823253766,612346.1291441277,-0.0001149179093387076
2023-07-28,0.0030366920618563054,1107032.284017333,-0.16991163697417283,614260.524090762,-8.963609720313848e-05
2023-07-29,0.001226518030224888,1108390.0790737213,-0.16889351863024182,615072.7170431651,-9.571076447967286e-05
2023-07-30,-0.0025556478741425304,1105557.4243244159,-0.17101753414254053,613567.9808225235,-0.00010921157653642766
2023-07-31,-0.001774563565460352,1103595.5423996856,-0.17248861622285663,612544.5674119103,-0.00010659287174641374
2023-08-01,0.016167759075012222,1121438.2092454613,-0.15910961153811773,622471.5098595741,-3.8314696250818514e-05
2023-08-02,-0.01767232421136189,1101619.7896286664,-0.17397009910923417,611575.6354686925,-0.00016811041475039978
2023-08-03,0.00016206877792623864,1101798.327801711,-0.1738362254526662,611735.5176210877,-9.93578439381082e-05
2023-08-04,-0.0028400531923193917,1098669.1619435456,-0.17618257451794794,610066.4988218384,-0.00011171921272667973
2023-08-05,-0.001544346197193458,1096972.4364013243,-0.17745483382617286,609189.3471967714,-0.0001065494541155898
2023-08-06,0.00046232728325401595,1097479.5966876503,-0.17707454875414197,609530.6945444144,-9.800317756858412e-05
2023-08-07,0.004134450347710095,1102017.0715877803,-0.1736722043360991,612100.5434526373,-8.16603932651816e-05
2023-08-08,0.01913537759073014,1123104.584364043,-0.15786010995235467,623821.6025304546,-1.3533814744226547e-05
2023-08-09,-0.006458720565110654,1115850.765688241,-0.16329925617890542,619873.1629530214,-0.00012928349301033482
2023-08-10,-0.004387927531831481,1110954.4933920624,-0.16697063840862184,617227.8781668663,-0.0001204661473876989
2023-08-11,-0.0011143100874286826,1109716.5455934014,-0.16789889142936737,616605.1130857151,-0.00010533900368436822
2023-08-12,4.0881560100958225e-05,1109761.912537055,-0.16786487383788729,616691.864345337,-9.981020158078557e-05
2023-08-13,-0.004414557377062089,1104862.804899282,-0.17153838209779876,614044.6936622338,-0.00012202355887491745
2023-08-14,0.00425872002976968,1109568.106256654,-0.16801019601174336,616707.789697345,-7.825423708407442e-05
2023-08-15,-0.007987942851477303,1100704.939634054,-0.17465608301901334,611868.7876721012,-0.00014143579240710746
2023-08-16,-0.016265092715487595,1082801.871738511,-0.1880803783508728,602030.9014692184,-0.00018666805795330976
2023-08-17,-0.07384754765873647,1002839.6089103322,-0.24803865130566996,557877.8630273045,-0.000507394629778779
2023-08-18,-0.021618610748858957,981159.6097617617,-0.2642950110012797,545946.2121235933,-0.00023104243961535875
2023-08-19,-0.0007044047569153555,980468.4762653523,-0.2648132450952168,546910.3245523876,-0.0024703524041096436
2023-08-20,0.0,980468.4762653523,-0.2648132450952168,548795.8024124813,-0.003447508257659715
2023-08-21,0.0,980468.4762653523,-0.2648132450952168,547474.2077399305,0.0024081719771562593
2023-08-22,0.0,980468.4762653523,-0.2648132450952168,545988.1209446667,0.0027144416563451568
2023-08-23,0.0,980468.4762653523,-0.2648132450952168,553882.0664820581,-0.014458090267116974
2023-08-24,0.0,980468.4762653523,-0.2648132450952168,548587.5155717462,0.009558985984038038
2023-08-25,0.0,980468.4762653523,-0.2648132450952168,546072.1481309187,0.0045851707693453925
2023-08-26,0.0,980468.4762653523,-0.2648132450952168,545178.6520656332,0.0016362234703670708
2023-08-27,0.0,980468.4762653523,-0.2648132450952168,546947.204314932,-0.003243986613558514
2023-08-28,0.0,980468.4762653523,-0.2648132450952168,547329.2032190163,-0.0006984200688304742
2023-08-29,0.0,980468.4762653523,-0.2648132450952168,580779.5669351973,-0.061115620214395205
2023-08-30,0.0,980468.4762653523,-0.2648132450952168,572055.1981082357,0.015021824670934159
2023-08-31,0.0,980468.4762653523,-0.2648132450952168,543573.7537626262,0.04978793032524931
2023-09-01,0.0,980468.4762653523,-0.2648132450952168,540729.6116204777,0.005232302189833948
2023-09-02,0.0,980468.4762653523,-0.2648132450952168,542080.3329236744,-0.002497960670488908
2023-09-03,0.0,980468.4762653523,-0.2648132450952168,544211.3964752584,-0.003931268895313478
2023-09-04,0.0,980468.4762653523,-0.2648132450952168,541169.0256094327,0.005590421085501895
2023-09-05,0.0,980468.4762653523,-0.2648132450952168,540458.2520040273,0.0013134040785224288
2023-09-06,0.0,980468.4762653523,-0.2648132450952168,539784.567705272,0.0012465057129895651
2023-09-07,0.0,980468.4762653523,-0.2648132450952168,550158.0486414729,-0.01921781680476853
2023-09-08,0.0,980468.4762653523,-0.2648132450952168,542939.2542115744,0.01312131022662355
2023-09-09,0.0,980468.4762653523,-0.2648132450952168,542752.969501903,0.0003431041469674767
2023-09-10,0.0,980468.4762653523,-0.2648132450952168,541495.7048697001,0.002316458320544501
2023-09-11,0.0,980468.4762653523,-0.2648132450952168,527265.7742183218,0.026278935406888304
2023-09-12,0.0,980468.4762653523,-0.2648132450952168,541464.0637097897,-0.026928145511657675
2023-09-13,0.0,980468.4762653523,-0.2648132450952168,549466.5530937613,-0.01477935456906132
2023-09-14,0.0,980468.4762653523,-0.2648132450952168,555768.1729744679,-0.011468614140797806
2023-09-15,0.0,980468.4762653523,-0.2648132450952168,557387.32027664,-0.0029133501717206745
2023-09-16,0.0,980468.4762653523,-0.2648132450952168,556542.2288996942,0.001516165413533943
2023-09-17,0.0,980468.4762653523,-0.2648132450952168,555868.3350568335,0.0012108584180451354
2023-09-18,0.0,980468.4762653523,-0.2648132450952168,560792.6215329617,-0.00885872816559119
2023-09-19,0.0,980468.4762653523,-0.2648132450952168,570174.9588507762,-0.016730493514995448
2023-09-20,0.0,980468.4762653523,-0.2648132450952168,568388.385808416,0.0031333768953327734
2023-09-21,0.0,980468.4762653523,-0.2648132450952168,556718.4554923081,0.020531612903225693
2023-09-22,0.0,980468.4762653523,-0.2648132450952168,556971.1656833808,-0.00045392817245337724
2023-09-23,0.0,980468.4762653523,-0.2648132450952168,556883.5762473373,0.00015726027026197187
2023-09-24,0.0,980468.4762653523,-0.2648132450952168,550019.33044372,0.012326177492741452
2023-09-25,0.0,980468.4762653523,-0.2648132450952168,551201.7878303069,-0.0021498469619840588
2023-09-26,0.0,980468.4762653523,-0.2648132450952168,549459.6381382842,0.0031606386816709353
2023-09-27,0.0,980468.4762653523,-0.2648132450952168,552630.4595407001,-0.005770799495226742
2023-09-28,0.0,980468.4762653523,-0.2648132450952168,566217.2993327066,-0.024585759900564774
2023-09-29,0.0,980468.4762653523,-0.2648132450952168,563819.4861349902,0.004234793250828317
2023-09-30,0.0,980468.4762653523,-0.2648132450952168,564984.5513608317,-0.002066379851161315
2023-10-01,0.0,980468.4762653523,-0.2648132450952168,586567.8037577542,-0.03820149125305594
2023-10-02,0.0,980468.4762653523,-0.2648132450952168,576131.2500458375,0.017792578530660186
2023-10-03,0.0,980468.4762653523,-0.2648132450952168,574705.3024088138,0.0024750395624435484
2023-10-04,0.0,980468.4762653523,-0.2648132450952168,582083.559902897,-0.012838332034101452
2023-10-05,0.0,980468.4762653523,-0.2648132450952168,574368.5650314889,0.013254101993011136
2023-10-06,0.0,980468.4762653523,-0.2648132450952168,585279.5265979569,-0.01899644623808716
2023-10-07,0.0,980468.4762653523,-0.2648132450952168,585815.540419486,-0.0009158253401495564
2023-10-08,0.0,980468.4762653523,-0.2648132450952168,584985.3266740213,0.0014171931063320375
2023-10-09,0.0,980468.4762653523,-0.2648132450952168,578134.7012372529,0.01171076456860598
2023-10-10,0.0,980468.4762653523,-0.2648132450952168,573943.8191299097,0.007248971733359588
2023-10-11,0.0,980468.4762653523,-0.2648132450952168,563160.6794677159,0.018787796475517426
2023-10-12,0.0,980468.4762653523,-0.2648132450952168,560732.2728306159,0.004312102612340163
2023-10-13,0.0,980468.4762653523,-0.2648132450952168,562877.3758372593,-0.0038255386939205493
2023-10-14,0.0,980468.4762653523,-0.2648132450952168,562677.8898489499,0.00035440399076769324
2023-10-15,0.0,980468.4762653523,-0.2648132450952168,568999.2068755609,-0.011234344090378379
2023-10-16,0.0,980468.4762653523,-0.2648132450952168,597217.0447366184,-0.04959205130707445
2023-10-17,0.0,980468.4762653523,-0.2648132450952168,595019.5557036331,0.003679548419376566
2023-10-18,0.0,980468.4762653523,-0.2648132450952168,593428.906399791,0.00267327231280845
2023-10-19,0.0,980468.4762653523,-0.2648132450952168,601678.8673722013,-0.013902189265536657
2023-10-20,0.0,980468.4762653523,-0.2648132450952168,621697.2443902422,-0.0332708660775638
2023-10-21,0.0,980468.4762653523,-0.2648132450952168,626742.2282710618,-0.00811485642946308
2023-10-22,0.0,980468.4762653523,-0.2648132450952168,628474.3198460266,-0.002763642685674972
2023-10-23,0.0,980468.4762653523,-0.2648132450952168,692962.1469050855,-0.10261012267749958
2023-10-24,0.024658422823675696,1004645.2825183884,-0.24668469923840866,710830.8109461648,-0.0011274936522593926
2023-10-25,0.016800752093832694,1021524.0788522183,-0.23402843562182213,722844.3935950745,-0.00010001031532480553
2023-10-26,-0.010084463475361183,1011222.5565898311,-0.24175284788595916,715627.904150335,-0.0001010016007407799
2023-10-27,-0.007704112143545716,1003431.98461178,-0.24759446897836992,710187.3009985819,-0.00010155343922479965
2023-10-28,0.005477591630325351,1008928.3752522903,-0.24347309873903533,714147.2655018106,-9.835220542142586e-05
2023-10-29,0.01295908017409575,1022003.1589571048,-0.23366920597173435,723469.67320549,-9.482082646172785e-05
2023-10-30,-0.001582578344162533,1020385.7588900735,-0.2348819844908284,722397.6455624317,-0.00010079177761790348
2023-10-31,0.00469005464310146,1025171.4238563105,-0.231293539189669,725855.9614774112,-9.721997804845728e-05
2023-11-01,0.02248092968050419,1048218.2305464867,-0.21401230329924265,742235.1860175405,-8.44626416736105e-05
2023-11-02,-0.013657183912624271,1033902.5213913477,-0.22474668182614482,732180.4216656028,-0.00011058232144056657
2023-11-03,-0.006539685133226114,1027141.1244429997,-0.22981659442549063,727469.6606328439,-0.00010580504934909474
2023-11-04,0.009855682957197853,1037264.3017178095,-0.2222259109612534,734705.0090470664,-9.022792509028044e-05
2023-11-05,-0.0015331299191075898,1035674.0407828237,-0.22341833968746538,733653.3071822287,-0.0001016685136628892
2023-11-06,0.0008781261661225948,1036583.4932576091,-0.22273640301141395,734370.1575666897,-9.897075069531525e-05
2023-11-07,0.009986100934649578,1046934.9206484712,-0.21497457027905714,741767.6931184665,-8.72053885381252e-05
2023-11-08,0.006281625987720085,1053511.3742534684,-0.2100433341387009,746495.0081355496,-9.141379405974703e-05
2023-11-09,0.030158128317010702,1085283.3054616346,-0.186219719644778,769049.7070049542,-5.600389230897562e-05
2023-11-10,0.016287642465503405,1102960.0119147734,-0.17296515739287507,781633.6687086734,-7.535928730550978e-05
2023-11-11,-0.004708624332334432,1097766.5875650796,-0.1768593537764634,778037.263228257,-0.00010748491831957807
2023-11-12,-0.0018772296450422221,1095705.8275835656,-0.17840457779959337,776656.9962062035,-0.00010319247833057155
2023-11-13,-0.016349949999301394,1077791.0920886311,-0.19183762187222497,764059.20459153,-0.0001294154825058902
2023-11-14,-0.025153124105150027,1050681.2789899006,-0.21216543046638608,744954.2303287848,-0.00014855096744559315
2023-11-15,0.06492778604595872,1118899.688274651,-0.16101307609609766,793296.2649810934,3.516219848709312e-05
2023-11-16,-0.04495626865984936,1068598.1332851541,-0.1987307976492221,757785.0349886266,-0.0001921224511021169
2023-11-17,0.01238266643012853,1081830.2275174821,-0.18880894839577733,767223.1110384687,-7.215335921140209e-05
2023-11-18,-0.0013545902832495793,1080364.7908031612,-0.18990777991213945,766262.9799476762,-0.00010315367116320306
2023-11-19,0.021604011871861895,1103705.0045696143,-0.17240653797205835,782853.8440342263,-4.764626733599897e-05
2023-11-20,0.0022857310587351964,1106227.7773782406,-0.17051488189189487,784717.1102191511,-9.43635133536791e-05
2023-11-21,-0.04580319048071224,1055559.0157759301,-0.20850794675751647,748945.2073596076,-0.00021745978401133126
2023-11-22,0.04666183688737946,1104813.3383950694,-0.17157547367145867,783869.7138570463,3.0246012308055015e-05
2023-11-23,-0.003157786625762049,1101324.5736111219,-0.17419146156115223,781479.6537912285,-0.00010873392788779412
2023-11-24,0.011174820642825933,1113631.6781907629,-0.1649631992587839,790265.628585168,-6.792221211049387e-05
2023-11-25,0.0016841391226161129,1115507.1888681885,-0.16355688111383143,791671.6695321816,-9.50613084222951e-05
2023-11-26,-0.008947531628425986,1105526.1530140538,-0.17104098237544474,784688.8217649265,-0.00012714808308389447
2023-11-27,-0.005584793914587105,1099352.017282284,-0.1756705476525164,780398.8252957446,-0.00011766305941218747
2023-11-28,0.015421236779210368,1116305.3850444967,-0.16295836798378907,792472.1280146843,-4.944606601853252e-05
2023-11-29,0.0008486378779180015,1117252.7240775693,-0.16224802274946584,793221.6672795825,-9.718625696475414e-05
2023-11-30,-0.0035643677107097815,1113270.4245431647,-0.16523407884676092,790483.3449106445,-0.0001122149495158542
2023-12-01,0.025399658300486738,1141547.1129225988,-0.1440313096885776,810569.4046747186,-1.0187325476085363e-05
2023-12-02,0.01981981056546278,1164172.3604522757,-0.12706617239663792,826658.8297171252,-2.972353934738159e-05
2023-12-03,0.013176641061103833,1179512.2417792133,-0.11556383668021296,837595.1461203424,-5.2899361224545416e-05
2023-12-04,0.05058952115979398,1239183.2012929388,-0.07082063468145965,879898.7482882856,8.349523081241372e-05
2023-12-05,0.04966337724506564,1300725.2240944982,-0.024674449333314245,923530.4409960458,7.620282000897483e-05
2023-12-06,-0.007172969952867647,1291395.1611451313,-0.03167043020251047,917021.3724510259,-0.00012494180341127148
2023-12-07,-0.011327271231490021,1276767.1778878067,-0.042638961881078685,906763.1407727767,-0.00014080166117791393
2023-12-08,0.020726005491811028,1303229.4614284735,-0.022796691747379975,925577.0582731669,-2.2431067218331435e-05
2023-12-09,-0.010494507839366785,1289552.7096290186,-0.033051959526492286,915992.7204377785,-0.00013952145576978658
2023-12-10,0.001642936857789934,1291671.363305731,-0.03146332495123059,917583.3697416207,-9.359364987826524e-05
2023-12-11,-0.058248842478336615,1216433.0015307572,-0.08787946517063823,864440.6796353505,-0.0003329169518806463
2023-12-12,0.0057180857275047625,1223388.669715276,-0.08266388175866644,869448.57420952,-7.513374046630439e-05
2023-12-13,0.033225137719105735,1264035.9267505596,-0.052185262895388274,898295.2539307844,4.700553631264981e-05
2023-12-14,0.003489648285667668,1268446.967555367,-0.04887772282292069,901506.0982573255,-8.472696844941119e-05
2023-12-15,-0.025362057360500012,1236276.5428054754,-0.07300014057353515,878834.2642330206,-0.00021321580731337164
2023-12-16,0.007990030687450966,1246154.4303206669,-0.06559338324945503,885911.1973035856,-6.260603665442233e-05
2023-12-17,-0.021569918439358182,1219274.9808958052,-0.08574845776196095,866981.4019129273,-0.00020231923949010078
2023-12-18,0.031066687111013236,1257153.815229582,-0.057345691158490406,893869.0537931143,5.373594405466697e-05
2023-12-19,-0.009095080873484429,1245719.8996096593,-0.06591920833314252,885868.4503060906,-0.00014454896607229983
2023-12-20,0.033015184213656346,1286847.5715738898,-0.0350803589258232,915056.6869191035,6.645847121955484e-05
2023-12-21,0.004338227717433529,1292430.2093770036,-0.03089431779381926,919098.16407932,-7.841358795235287e-05
2023-12-22,0.0023568580074846412,1295476.2838650888,-0.02861027330661277,921345.3150652774,-8.809409206445018e-05
2023-12-23,-0.006201632156599968,1287442.2164849585,-0.034634475072265275,915753.0019812387,-0.00013190673161922462
2023-12-24,-0.01644821823975684,1266266.0859371377,-0.05051301790741405,900861.5405892162,-0.00018677944588474382
2023-12-25,0.013572889275224487,1283452.9753145343,-0.0376257362312044,913112.1176212964,-2.5845358365916837e-05
2023-12-26,-0.02472621761290794,1251718.037750973,-0.06142161170221373,890749.5706965134,-0.00023574542090742945
2023-12-27,0.021664755658979074,1278836.2031927845,-0.041087540252943824,910025.952037449,2.4126266519708395e-05
2023-12-28,-0.020134613744901553,1253087.3301985012,-0.060394872245124305,891898.5010262416,-0.00021490599302698143
2023-12-29,-0.011842304828941885,1238247.8880570056,-0.07152196258683446,881488.1403274958,-0.00017016872066566435
2023-12-30,0.0016532411294623017,1240295.0103940114,-0.06998696450758048,883024.7272521531,-8.993254963729491e-05
2023-12-31,0.0033210771367919723,1244414.125795908,-0.06689831947848815,886027.4942820645,-7.94697983494963e-05
2024-01-01,0.0450213734710081,1300439.3589059636,-0.024888800233303938,925756.4280273616,0.00018198191523155494
2024-01-02,0.017374932965996903,1323034.4055932988,-0.007946308502964676,941836.0044968158,5.8108269076484476e-06
2024-01-03,-0.04714604752768958,1260658.5626264287,-0.05471771899230378,897796.538960011,-0.000386882103414532
2024-01-04,0.03057715104796399,1299205.9099157662,-0.025813679902967464,925160.2750475919,9.837896528419598e-05
2024-01-05,-0.00023719692976631457,1298897.7422628,-0.026044753907114786,925034.758128477,-0.00010152647081973498
2024-01-06,-0.004131588374125972,1293531.2314516886,-0.030068736078791125,921330.227889691,-0.00012684130247975212
2024-01-07,-0.0010004591229800797,1292237.106330323,-0.031039112660444724,920506.719555598,-0.00010663375052999413
2024-01-08,0.06915844912030011,1381606.2204998326,0.0,983831.3672857637,0.00036520037493770197
2024-01-09,-0.018128933834198113,1356559.1727434746,-0.01812893383419815,966207.8698479643,-0.0002158056053026547
2024-01-10,0.011775432453639212,1372533.2436514802,-0.0065669774163799564,977606.8596358323,-2.2225321246960306e-05
2024-01-11,-0.0068938894668750805,1363071.1511801353,-0.013415594866815074,971009.7825665581,-0.00014569922634055654
2024-01-12,-0.07737189689947455,1257607.7506043778,-0.08974950174340927,896486.888301466,-0.000624066338886009
2024-01-13,0.0014360627342127064,1259413.7542292778,-0.08844232492406444,897854.3731330921,-8.93191196333909e-05
2024-01-14,-0.02633555900112894,1226246.3889979394,-0.11244870585895864,874476.7945619104,-0.0002983983315152372
2024-01-15,0.018707184746970196,1249186.006742229,-0.09584511982704967,890795.0417673779,4.660129073053021e-05
2024-01-16,0.014760561556880658,1267624.6936907417,-0.08249928606130272,903930.3140123182,1.5000985641666631e-05
2024-01-17,-0.008554746936471957,1256780.4852257946,-0.09034827248308062,896347.9605596076,-0.00016654119187820005
2024-01-18,-0.03423668253403778,1213752.490738145,-0.12149172989461646,865993.4014561212,-0.0003719777105499755
2024-01-19,0.007988519327054133,1223448.575968667,-0.11447374959990264,872940.4171813587,-3.349990953172011e-05
2024-01-20,0.0007950382850692161,1224421.2644263755,-0.11376972232840073,873715.9399153226,-9.336454140096428e-05
2024-01-21,-0.0028995986738461488,1220870.9341518157,-0.11633943446625963,871291.3050721191,-0.00012451499683507894
2024-01-22,-0.04891517618664665,1161151.8173066238,-0.15956384671853435,829124.5352049805,-0.0005194563835569932
2024-01-23,0.00830515512525043,1170795.3632733217,-0.1525838940926631,836030.6898296714,-2.4298812550949123e-05
2024-01-24,0.004636383440992375,1176223.6195083926,-0.14865494809160415,839955.0318349876,-5.76332417152603e-05
2024-01-25,-0.0032178005923768627,1172438.7664487709,-0.15139440670395207,837361.0853546475,-0.0001296037460847277
2024-01-26,0.04694360761812999,1227477.2718572263,-0.11155779870971205,876386.9986264377,0.0003377717913293221
2024-01-27,0.007067780569461668,1236152.8118687146,-0.10527848418234277,882612.9730851067,-3.635774891463939e-05
2024-01-28,-0.0022468367418206903,1233375.378312503,-0.10728877735777943,880736.0865333331,-0.00012032533873862494
2024-01-29,0.030433568022331325,1270911.3917854452,-0.08012038963919886,907382.5531482422,0.0001787992870199151
2024-01-30,-0.008527181814838802,1260074.0992771408,-0.08796437032450852,899805.4382981658,-0.00017666325594989374
2024-01-31,-0.008587918484930235,1249252.685627577,-0.09579685796751361,892238.8006533578,-0.00017872542746322218
2024-02-01,0.011822109440214001,1264021.4875955475,-0.08510726946622012,902777.6118886936,1.0460778870680087e-05
2024-02-02,0.002641733179134409,1267360.6950984674,-0.08269036698462019,905230.5351861216,-7.53515880611566e-05
2024-02-03,-0.004515410475805615,1261638.0413391956,-0.08683239651109519,901272.0374916305,-0.00014249380913888832
2024-02-04,-0.010152777499100263,1248828.911021078,-0.0961035840087047,892299.1493557035,-0.00019697307749644288
2024-02-05,0.0028827985001758094,1252429.0331327457,-0.09349783277637078,894935.6332894331,-7.191005875673007e-05
2024-02-06,0.009127086386592431,1263860.0611112246,-0.0852241091864875,903113.0920013863,-1.0396140386781383e-05
2024-02-07,0.029205145569488833,1300771.278175441,-0.05850794613181995,929319.72553913,0.0001870372397034803
2024-02-08,0.021279115210909305,1328450.540066778,-0.038473828247403384,948996.9647536329,0.00010530530056063192
2024-02-09,0.04101075426466316,1382931.2987182157,0.0,987639.4123126011,0.0002915012067778999
2024-02-10,0.01314047654501671,1401103.6750123918,0.0,1000595.9434356632,2.1790755915018778e-05
2024-02-11,0.011501378217094738,1417218.2983000707,0.0,1012097.8193792665,6.352658515895726e-06
2024-02-12,0.03369545468942747,1464972.1132554682,0.0,1045986.9684520862,0.00021138978589441138
2024-02-13,-0.00450151434943058,1458377.5202661331,-0.004501514349430538,1041425.6123664539,-0.00014069894426116392
2024-02-14,0.04245461557698271,1520292.3772551452,0.0,1085337.2559989847,0.0002896802123246722
2024-02-15,0.0015516023073764984,1522651.266415581,0.0,1087114.8186448142,-8.619519381913854e-05
2024-02-16,0.00464704305029251,1529727.0924011967,0.0,1092229.9998009321,-5.823836836604812e-05
2024-02-17,-0.009422238717020526,1515313.6385646989,-0.009422238717020566,1082141.0797598197,-0.00018524646909534592
2024-02-18,0.00957405722409832,1529821.338052774,0.0,1092514.1416078098,-1.1626234377004607e-05
2024-02-19,-0.007127071158837928,1518918.1925161632,-0.007127071158837982,1084908.9478476143,-0.00016588551321938816
2024-02-20,0.009337772507693742,1533101.5050556767,0.0,1095052.768444333,-1.2155536353919416e-05
2024-02-21,-0.008010127209082563,1520821.1669757448,-0.008010127209082568,1086473.4041382852,-0.0001754688681555594
2024-02-22,-0.011025022770255521,1504054.0789803506,-0.018946838144465294,1074718.6084595036,-0.00020580194624963966
2024-02-23,-0.010817991573232155,1487783.2346282557,-0.029559862982311256,1063313.7514366854,-0.0002060444709428566
2024-02-24,0.016302851642857386,1512038.3439791307,-0.013738921400237625,1080581.6525276771,6.314716460709136e-05
2024-02-25,0.003045181454019552,1516642.7751019825,-0.01073557745486424,1083947.5594921894,-6.972148426287461e-05
2024-02-26,0.05355213926041413,1597862.2402025447,0.0,1141522.3169710804,0.00043632477778010603
2024-02-27,0.047363654926971366,1673542.8359683356,0.0,1195183.8382822396,0.00035491886165739395
2024-02-28,0.09536692608045527,1833143.4718986035,0.0,1308227.8540692923,0.0007839739301620519
2024-02-29,-0.021121363739108445,1794424.981842661,-0.0211213637391084,1280963.651431761,-0.00028080255343643223
2024-03-01,0.020643659891525168,1831468.4808686771,-0.0009137260970585894,1307301.66912357,8.256304668474712e-05
2024-03-02,-0.0065791057277228004,1819419.0560960502,-0.007486820324182696,1298906.913174351,-0.00015766823744023384
2024-03-03,0.018238849682040037,1852603.1667688251,0.0,1322516.0379819635,6.270128514307416e-05
2024-03-04,0.08193504150984521,2004396.2841392995,0.0,1430048.6247096492,0.00062594306460384
2024-03-05,-0.06691063484087822,1870280.8562948417,-0.06691063484087818,1335299.0665857815,-0.00065445551473442
2024-03-06,0.037111555832261445,1939689.8887152374,-0.03228223676928611,1384542.5599793794,0.00023330538945365298
2024-03-07,0.0113370204864216,1961680.1927209068,-0.02131120066246545,1400240.1375447495,-7.151810206273979e-07
2024-03-08,0.01954074464578137,2000012.8844435534,-0.0021868927469242414,1427502.2447412275,7.115049153805231e-05
2024-03-09,0.0026989631709510853,2005410.845560094,0.0,1431464.3046855098,-7.655606825007766e-05
2024-03-10,0.009389102385870762,2024239.8533147934,0.0,1444929.8184405086,-1.77083260157751e-05
2024-03-11,0.0455788283045393,2116502.3340362343,0.0,1510354.0981064534,0.0003003110845429813
2024-03-12,-0.00886159044115642,2097746.7571842535,-0.008861590441156426,1497234.751213521,-0.0001753181892517608
2024-03-13,0.02277569615468189,2145524.399935351,0.0,1531189.2780472152,9.753776557563931e-05
2024-03-14,-0.023338614394062596,2095450.8332922074,-0.023338614394062627,1495913.1565409703,-0.0003002336974358144
2024-03-15,-0.02680003700292455,2039292.6734221673,-0.049513175667629264,1456328.3891401659,-0.0003380948589454258
2024-03-16,-0.06108425454225519,1914724.0006726915,-0.10757295478420761,1368336.209326178,-0.0006636924834880764
2024-03-17,0.04773716423559349,2006127.4947586365,-0.0649710183584559,1433145.0579546595,0.0003739152133406254
2024-03-18,-0.011667341250589436,1982721.3206850975,-0.07588032056645887,1416727.4868432481,-0.00021171711799683468
2024-03-19,-0.08483186804734766,1814523.3672340764,-0.15427511927212226,1297861.7071767794,-0.0009302138687269368
2024-03-20,0.0962463558714961,1989164.6289740328,-0.07287718143220828,1421557.8975601718,0.0009386742445631757
2024-03-21,-0.03492881106941137,1919685.473462643,-0.10526047920010281,1372540.5022562647,-0.0004473485921983045
2024-03-22,-0.026399017325114404,1869007.6633899324,-0.12888072331116385,1336820.985423063,-0.00037463642379753637
2024-03-23,0.0029629787955256504,1874545.4934652317,-0.12629961536596115,1340872.9397885478,-6.805857572156349e-05
2024-03-24,0.05077093073911354,1969717.9128812726,-0.08194103365096943,1408345.7226285615,0.0004508885950351704
2024-03-25,0.040044025342725,2048593.3469027097,-0.04517825713637293,1464294.417849803,0.00031749064155950357
2024-03-26,0.00146013547214352,2051584.5707165194,-0.04378408804004393,1466557.2846436633,-8.522778696318234e-05
2024-03-27,-0.007578786680315641,2036036.048898432,-0.05103104445711192,1455702.6904415393,-0.00017737500974357445
2024-03-28,0.01896276185474499,2074644.9156213687,-0.033035972145606114,1483165.7504350643,9.691776868714364e-05
2024-03-29,-0.013377719134508026,2046890.8986363509,-0.04597174532341481,1463676.8913712862,-0.00023767793677853533
2024-03-30,-0.003983874345986904,2038736.3424962393,-0.049772474012567555,1458053.5657596532,-0.00014195701793184856
2024-03-31,0.024562432740559137,2088812.6667845368,-0.026432574317273326,1493630.5926012052,0.00016207621249408888
2024-04-01,-0.02321458816765143,2040321.74096576,-0.049033541157938405,1459470.503000146,-0.00034408071401903495
2024-04-02,-0.0608590144892136,1916149.7705696675,-0.10690842265536354,1371759.3218314557,-0.0007610673307149041
2024-04-03,0.007615754046925938,1930742.6959393998,-0.10010685686092557,1382221.6494683325,-1.1187115688926497e-05
2024-04-04,0.038622311932859255,2005312.4426040608,-0.06535090318036715,1435121.2684123768,0.00035086757775748545
2024-04-05,-0.009954336894679061,1985350.8869712881,-0.0746547151684173,1421141.1143345963,-0.0002128924707898161
2024-04-06,0.015940382096467864,2016998.1387051716,-0.05990435775703708,1443675.0683375697,8.414250443822269e-05
2024-04-07,0.006717493765414195,2030547.3111267758,-0.053589271141376855,1453406.087046715,-2.2955607553720725e-05
2024-04-08,0.03285542110208861,2097261.7981015597,-0.022494548109192193,1500754.8826395834,0.0002776054352504609
2024-04-09,-0.03503680901026385,2023780.437036953,-0.05674321993358205,1448913.6709717484,-0.0004933853855779713
2024-04-10,0.021631238271314412,2067557.313879324,-0.03633940777293263,1480032.6469716143,0.0001537847671349013
2024-04-11,-0.009051535057381432,2048842.7463695998,-0.04506201540689288,1466939.2835477472,-0.00020486302574884707
2024-04-12,-0.04187150160079045,1963054.6240352173,-0.08504670275743872,1406387.1138756946,-0.0005936039051140929
2024-04-13,-0.048257642544760615,1868322.2356926864,-0.12920019192092033,1339500.4258983922,-0.0006984127158004005
2024-04-14,0.02743793365274194,1919585.137237565,-0.1053072445620261,1375905.1519561445,0.0002600952930893463
2024-04-15,-0.03468896932206045,1852996.7073008479,-0.13634321410808367,1328928.5066944084,-0.0005466120564097121
2024-04-16,0.005866529278903965,1863867.3667379408,-0.13127654628672472,1336752.883588818,-2.1204225941984234e-05
2024-04-17,-0.0400793707646796,1789164.735490264,-0.166094435680072,1284031.1675902302,-0.0006392344119948712
2024-04-18,0.0361940610830116,1853921.8732141687,-0.13591200674761333,1329978.1131181922,0.0004107041928578248
2024-04-19,0.005456648116006324,1864038.0725108655,-0.1311969826271691,1337268.7811762318,-2.514740087344869e-05
2024-04-20,0.017734062556221897,1897095.0402959527,-0.1157895755680449,1360791.7833565383,0.00014373029735015308
2024-04-21,-9.264718898338575e-05,1896919.2797732349,-0.11587149517833836,1360803.5178264389,-0.00010127045526420186
2024-04-22,0.029221572909417404,1952350.244810408,-0.09003586961339799,1400159.4630641823,0.00030046510642955937
2024-04-23,-0.006249771959839334,1940148.5009946064,-0.09572293791994776,1391666.2213854406,-0.00018386168119521873
2024-04-24,-0.03252977302889071,1877035.9106149094,-0.12513886550464395,1347150.462097136,-0.0005423908504342823
2024-04-25,0.003192192219771961,1883027.7700450069,-0.122346140597727,1351524.6952966752,-5.4834242832590974e-05
2024-04-26,-0.011556407047732864,1861266.734652182,-0.13248866584399338,1336262.9694704693,-0.00026417844153936443
2024-04-27,-0.0050027225644487805,1851955.3335602798,-0.13682858437029063,1329808.382392845,-0.0001723955815927658
2024-04-28,-0.005592365596037818,1841598.5222674785,-0.1416557544985415,1322613.475990958,-0.00018188202776592277
2024-04-29,0.011917488980081492,1863545.7523623356,-0.1314264464116615,1338274.3833378884,7.660906223794228e-05
2024-04-30,-0.05086094390420337,1768764.0563885183,-0.1756029171973926,1271345.9960836184,-0.0008499834557644803
2024-05-01,-0.0007109148145455491,1767506.615817396,-0.17618899329662513,1223003.5423430991,0.03731370939431522
2024-05-02,0.0,1767506.615817396,-0.17618899329662513,1237580.2684888602,-0.011918793070569533
2024-05-03,0.0,1767506.615817396,-0.17618899329662513,1317655.452913866,-0.06470302287768459
2024-05-04,0.0,1767506.615817396,-0.17618899329662513,1338820.0361882648,-0.016062304624168355
2024-05-05,0.0,1767506.615817396,-0.17618899329662513,1341333.7272762493,-0.0018775421789631874
2024-05-06,0.0,1767506.615817396,-0.17618899329662513,1323589.322889653,0.013228925826407556
2024-05-07,0.0,1767506.615817396,-0.17618899329662513,1305712.9057166756,0.013506014942723965
2024-05-08,0.0,1767506.615817396,-0.17618899329662513,1282263.8726055638,0.01795879707433945
2024-05-09,0.0,1767506.615817396,-0.17618899329662513,1321678.6997369155,-0.030738468090238502
2024-05-10,0.0,1767506.615817396,-0.17618899329662513,1274027.9510882131,0.03605320162773862
2024-05-11,0.0,1767506.615817396,-0.17618899329662513,1274572.7657621677,-0.0004276316492815013
2024-05-12,0.0,1767506.615817396,-0.17618899329662513,1288360.7678953267,-0.010817744191257805
2024-05-13,0.0,1767506.615817396,-0.17618899329662513,1318872.2755337334,-0.02368242529478004
2024-05-14,0.0,1767506.615817396,-0.17618899329662513,1290320.0052805098,0.021649003306001613
2024-05-15,0.0,1767506.615817396,-0.17618899329662513,1387318.1811990724,-0.0751737363767182
2024-05-16,0.0,1767506.615817396,-0.17618899329662513,1366965.371788866,0.014670613912531216
2024-05-17,0.0,1767506.615817396,-0.17618899329662513,1404448.4118128377,-0.027420621471134998
2024-05-18,0.0,1767506.615817396,-0.17618899329662513,1402168.571946443,0.0016232991167343114
2024-05-19,0.0,1767506.615817396,-0.17618899329662513,1388732.813454406,0.009582127827459264
2024-05-20,0.0,1767506.615817396,-0.17618899329662513,1497121.8069407272,-0.07804884599558704
2024-05-21,0.0,1767506.615817396,-0.17618899329662513,1469917.11482912,0.018171328468722492
2024-05-22,0.0,1767506.615817396,-0.17618899329662513,1449345.7509170154,0.013994914206095221
2024-05-23,0.0,1767506.615817396,-0.17618899329662513,1424263.9501368825,0.017305602037514634
2024-05-24,0.0,1767506.615817396,-0.17618899329662513,1436424.6327477603,-0.008538222574340226
2024-05-25,0.0,1767506.615817396,-0.17618899329662513,1451943.0501030413,-0.010803502670095222
2024-05-26,0.0,1767506.615817396,-0.17618899329662513,1435537.8420938463,0.011298795781301996
2024-05-27,0.0,1767506.615817396,-0.17618899329662513,1454999.4604239264,-0.01355702215532939
2024-05-28,0.0,1767506.615817396,-0.17618899329662513,1433247.944110394,0.014949501292044975
2024-05-29,0.0,1767506.615817396,-0.17618899329662513,1417616.5824823203,0.010906250863507161
2024-05-30,0.0,1767506.615817396,-0.17618899329662513,1432279.4312553871,-0.01034331070492378
2024-05-31,0.0,1767506.615817396,-0.17618899329662513,1415261.097193888,0.011881992919902995
2024-06-01,0.0,1767506.615817396,-0.17618899329662513,1420014.3956800366,-0.0033586018124664996
2024-06-02,0.0,1767506.615817396,-0.17618899329662513,1419988.8312991818,1.8002902599123516e-05
2024-06-03,0.0,1767506.615817396,-0.17618899329662513,1441870.8935903576,-0.015410024226145236
2024-06-04,0.0,1767506.615817396,-0.17618899329662513,1478078.8577331705,-0.025111793506457758
2024-06-05,0.0,1767506.615817396,-0.17618899329662513,1490026.2244447842,-0.00808303741651284
2024-06-06,0.0,1767506.615817396,-0.17618899329662513,1483552.568853571,0.004344658828823844
2024-06-07,0.0,1767506.615817396,-0.17618899329662513,1453305.7154202436,0.020388123797123736
2024-06-08,0.0,1767506.615817396,-0.17618899329662513,1452359.833328616,0.0006508486697541782
2024-06-09,0.0,1767506.615817396,-0.17618899329662513,1459435.718678654,-0.004871991904252138
2024-06-10,0.0,1767506.615817396,-0.17618899329662513,1457169.7087232135,0.0015526617078359672
2024-06-11,0.0,1767506.615817396,-0.17618899329662513,1410530.2199270132,0.032006902502156986
2024-06-12,0.0,1767506.615817396,-0.17618899329662513,1430431.6713342587,-0.014109198885703833
2024-06-13,0.0,1767506.615817396,-0.17618899329662513,1399189.0643122261,0.021841383722223218
2024-06-14,0.0,1767506.615817396,-0.17618899329662513,1383912.87994275,0.010917884336799966
2024-06-15,0.0,1767506.615817396,-0.17618899329662513,1387773.939628245,-0.0027899586321176173
2024-06-16,0.0,1767506.615817396,-0.17618899329662513,1397174.5072832264,-0.006773846508098869
2024-06-17,0.0,1767506.615817396,-0.17618899329662513,1393559.0332892216,0.002587703951910103
2024-06-18,0.0,1767506.615817396,-0.17618899329662513,1365710.4121418209,0.019983811580388866
2024-06-19,0.0,1767506.615817396,-0.17618899329662513,1361499.6233444677,0.0030832222994838787
2024-06-20,0.0,1767506.615817396,-0.17618899329662513,1359312.4019726452,0.0016064796011104887
2024-06-21,0.0,1767506.615817396,-0.17618899329662513,1344090.489526459,0.011198244365383747
2024-06-22,0.0,1767506.615817396,-0.17618899329662513,1346572.539454533,-0.0018466390078755168
2024-06-23,0.0,1767506.615817396,-0.17618899329662513,1324528.499569908,0.016370480786393027
2024-06-24,0.0,1767506.615817396,-0.17618899329662513,1263410.5608133639,0.04614316624851034
2024-06-25,0.0,1767506.615817396,-0.17618899329662513,1295108.507176359,-0.025089189014368074
2024-06-26,0.0,1767506.615817396,-0.17618899329662513,1275389.9877730988,0.015225380185519222
2024-06-27,0.0,1767506.615817396,-0.17618899329662513,1293022.7051515344,-0.013825353458531753
2024-06-28,0.0,1767506.615817396,-0.17618899329662513,1266229.7672069734,0.020721165868020086
2024-06-29,0.0,1767506.615817396,-0.17618899329662513,1277939.9299913116,-0.009248055201046546
2024-06-30,0.0,1767506.615817396,-0.17618899329662513,1315350.4677548264,-0.029274097229099905
2024-07-01,0.0,1767506.615817396,-0.17618899329662513,1318032.213215315,-0.002038806786655245
2024-07-02,0.0,1767506.615817396,-0.17618899329662513,1302012.1472717852,0.01215453293394797
2024-07-03,0.0,1767506.615817396,-0.17618899329662513,1261635.303152693,0.031011111688702075
2024-07-04,0.0,1767506.615817396,-0.17618899329662513,1195449.3306637388,0.05246046327616427
2024-07-05,0.0,1767506.615817396,-0.17618899329662513,1186622.9138574633,0.007383346646214428
2024-07-06,0.0,1767506.615817396,-0.17618899329662513,1220178.0496263276,-0.02827784241902398
2024-07-07,0.0,1767506.615817396,-0.17618899329662513,1170467.4824218662,0.040740420809639244
2024-07-08,0.0,1767506.615817396,-0.17618899329662513,1188421.4309138297,-0.015339126256471713
2024-07-09,0.0,1767506.615817396,-0.17618899329662513,1216403.531656349,-0.023545604290392763
2024-07-10,0.0,1767506.615817396,-0.17618899329662513,1209611.1594808728,0.005583979328165345
2024-07-11,0.0,1767506.615817396,-0.17618899329662513,1201523.595190122,0.0066860860429079905
2024-07-12,0.0,1767506.615817396,-0.17618899329662513,1213031.9670009916,-0.009578148824491928
2024-07-13,0.0,1767506.615817396,-0.17618899329662513,1240585.3405039296,-0.02271446610847283
2024-07-14,0.0,1767506.615817396,-0.17618899329662513,1273984.3659142954,-0.026921989418961845
2024-07-15,0.0,1767506.615817396,-0.17618899329662513,1356256.201195865,-0.06457837119729937
2024-07-16,0.0,1767506.615817396,-0.17618899329662513,1362958.4694060334,-0.0049417419837483045
2024-07-17,0.0,1767506.615817396,-0.17618899329662513,1342926.0529329332,0.014697745325894074
2024-07-18,0.0,1767506.615817396,-0.17618899329662513,1340829.1450705242,0.001561447004345129
2024-07-19,0.0,1767506.615817396,-0.17618899329662513,1396821.0063774716,-0.041759132036171875
2024-07-20,0.0,1767506.615817396,-0.17618899329662513,1406878.2852586738,-0.007200120012001321
2024-07-21,0.0,1767506.615817396,-0.17618899329662513,1428364.5187348113,-0.015272276003738927
2024-07-22,0.0,1767506.615817396,-0.17618899329662513,1415093.461909593,0.009291085469536275
2024-07-23,0.0,1767506.615817396,-0.17618899329662513,1381650.2226929949,0.023633237038257815
2024-07-24,0.0,1767506.615817396,-0.17618899329662513,1369915.543248329,0.00849323457697837
2024-07-25,0.0,1767506.615817396,-0.17618899329662513,1378799.1655953696,-0.006484795643661334
2024-07-26,0.0,1767506.615817396,-0.17618899329662513,1422971.9011831882,-0.0320371064111753
2024-07-27,0.0,1767506.615817396,-0.17618899329662513,1422731.1350061211,0.00016919953012906053
2024-07-28,0.0,1767506.615817396,-0.17618899329662513,1430136.0046015861,-0.005204686544961978
2024-07-29,0.0,1767506.615817396,-0.17618899329662513,1399433.8118272955,0.02146802309396001
2024-07-30,0.0,1767506.615817396,-0.17618899329662513,1386930.5246041426,0.008934532749946156
2024-07-31,0.0,1767506.615817396,-0.17618899329662513,1354241.644166866,0.023569227050220576
2024-08-01,0.0,1767506.615817396,-0.17618899329662513,1369454.9653047326,-0.011233830537847433
2024-08-02,0.0,1767506.615817396,-0.17618899329662513,1288661.254142423,0.05899698289408972
2024-08-03,0.0,1767506.615817396,-0.17618899329662513,1271890.6012134678,0.013014011925201907
2024-08-04,0.0,1767506.615817396,-0.17618899329662513,1218729.4712259253,0.04179693594466638
2024-08-05,0.0,1767506.615817396,-0.17618899329662513,1131932.3214448467,0.07121937380719046
2024-08-06,0.0,1767506.615817396,-0.17618899329662513,1173908.1966319957,-0.03708337891930613
2024-08-07,0.0,1767506.615817396,-0.17618899329662513,1155303.8232369728,0.01584823536320812
2024-08-08,0.0,1767506.615817396,-0.17618899329662513,1292593.558823743,-0.11883431252058596
2024-08-09,0.0,1767506.615817396,-0.17618899329662513,1274824.2186886081,0.013747043696631933
2024-08-10,0.0,1767506.615817396,-0.17618899329662513,1276616.239877708,-0.0014057006156844576
2024-08-11,0.0,1767506.615817396,-0.17618899329662513,1230287.7145338724,0.03629009556409346
2024-08-12,0.0,1767506.615817396,-0.17618899329662513,1243573.858534677,-0.0107992169992841
2024-08-13,0.0,1767506.615817396,-0.17618899329662513,1269568.0143495784,-0.02090278404977952
2024-08-14,0.0,1767506.615817396,-0.17618899329662513,1229675.8457462005,0.031421844400999266
2024-08-15,0.0,1767506.615817396,-0.17618899329662513,1205738.993957794,0.019465985179111134
2024-08-16,0.0,1767506.615817396,-0.17618899329662513,1233682.5385849262,-0.023175450712934476
2024-08-17,0.0,1767506.615817396,-0.17618899329662513,1246619.582106189,-0.010486525598475405
2024-08-18,0.0,1767506.615817396,-0.17618899329662513,1224310.6784723802,0.017895518371464747
2024-08-19,0.0,1767506.615817396,-0.17618899329662513,1245498.7306865803,-0.017306107499313272
2024-08-20,0.0,1767506.615817396,-0.17618899329662513,1236599.392531637,0.007145200501358473
2024-08-21,0.0,1767506.615817396,-0.17618899329662513,1281488.559415706,-0.03630049242719502
2024-08-22,0.0,1767506.615817396,-0.17618899329662513,1265140.1378590656,0.012757368324922358
2024-08-23,0.0,1767506.615817396,-0.17618899329662513,1341862.6165981968,-0.06064346268308651
2024-08-24,0.0,1767506.615817396,-0.17618899329662513,1344372.3263481793,-0.0018703179587378216
2024-08-25,0.0,1767506.615817396,-0.17618899329662513,1345692.244667887,-0.0009818100937060148
2024-08-26,0.0,1767506.615817396,-0.17618899329662513,1316649.4316639989,0.021582061663033336
2024-08-27,0.0,1767506.615817396,-0.17618899329662513,1245006.3020389676,0.05441321577489899
2024-08-28,0.0,1767506.615817396,-0.17618899329662513,1237041.5305939622,0.006397374400403888
2024-08-29,0.0,1767506.615817396,-0.17618899329662513,1243833.064593017,-0.0054901422717748005
2024-08-30,0.0,1767506.615817396,-0.17618899329662513,1238908.3590286782,0.003959297838693754
2024-08-31,0.0,1767506.615817396,-0.17618899329662513,1235765.197448171,0.0025370412247210927
2024-09-01,0.0,1767506.615817396,-0.17618899329662513,1200726.6989574123,0.028353686091105557
2024-09-02,0.0,1767506.615817396,-0.17618899329662513,1239078.927930447,-0.03194084799341579
2024-09-03,0.0,1767506.615817396,-0.17618899329662513,1204621.4952438718,0.0278089086254798
2024-09-04,0.0,1767506.615817396,-0.17618899329662513,1214746.0377828968,-0.008404750022309004
2024-09-05,0.0,1767506.615817396,-0.17618899329662513,1177218.7839526925,0.030893086013844884
2024-09-06,0.0,1767506.615817396,-0.17618899329662513,1130762.2271604775,0.03946297614809535
2024-09-07,0.0,1767506.615817396,-0.17618899329662513,1134908.8954615882,-0.0036671443399056702
2024-09-08,0.0,1767506.615817396,-0.17618899329662513,1149767.458429068,-0.013092295801802267
2024-09-09,0.0,1767506.615817396,-0.17618899329662513,1195281.4858353417,-0.03958541970605056
2024-09-10,0.0,1767506.615817396,-0.17618899329662513,1207728.1961500454,-0.010413204305599333
2024-09-11,0.0,1767506.615817396,-0.17618899329662513,1201483.9913542096,0.005170207018218909
2024-09-12,0.0,1767506.615817396,-0.17618899329662513,1218128.4987317338,-0.013853291011196811
2024-09-13,0.0,1767506.615817396,-0.17618899329662513,1267699.9286502318,-0.04069474605520651
2024-09-14,0.0,1767506.615817396,-0.17618899329662513,1257118.5799615064,0.008346887500413236
2024-09-15,0.0,1767506.615817396,-0.17618899329662513,1239076.203857078,0.014352167243428138
2024-09-16,0.0,1767506.615817396,-0.17618899329662513,1219839.8454402674,0.01552475816816612
2024-09-17,0.0,1767506.615817396,-0.17618899329662513,1263844.1075673706,-0.03607380287796791
2024-09-18,0.0,1767506.615817396,-0.17618899329662513,1294144.1852034614,-0.023974537250810224
2024-09-19,0.0,1767506.615817396,-0.17618899329662513,1319038.0249210799,-0.019235754409934414
2024-09-20,0.0,1767506.615817396,-0.17618899329662513,1324340.7480515013,-0.004020144249244684
2024-09-21,0.0,1767506.615817396,-0.17618899329662513,1327440.114913987,-0.0023403092195461994
2024-09-22,0.0,1767506.615817396,-0.17618899329662513,1332255.4384553242,-0.003627526008319615
2024-09-23,0.0,1767506.615817396,-0.17618899329662513,1327252.1538514725,0.0037554994781276996
2024-09-24,0.0,1767506.615817396,-0.17618899329662513,1346586.9979978055,-0.014567574134444872
2024-09-25,0.0,1767506.615817396,-0.17618899329662513,1323313.1437587808,0.017283587524333677
2024-09-26,0.0,1767506.615817396,-0.17618899329662513,1365682.5427758093,-0.03201766657941674
2024-09-27,0.0,1767506.615817396,-0.17618899329662513,1378170.5332792702,-0.009144138635673427
2024-09-28,0.0,1767506.615817396,-0.17618899329662513,1380015.569127028,-0.0013387572896133015
2024-09-29,0.0,1767506.615817396,-0.17618899329662513,1374651.4495737343,0.0038869993015275828
2024-09-30,0.0,1767506.615817396,-0.17618899329662513,1326992.3191608172,0.03466997428889751
2024-10-01,0.0,1767506.615817396,-0.17618899329662513,1274149.2771252221,0.03982166382772501
2024-10-02,0.0,1767506.615817396,-0.17618899329662513,1270869.911876226,0.002573768480562233
2024-10-03,0.0,1767506.615817396,-0.17618899329662513,1273037.2265580387,-0.001705378860227258
2024-10-04,0.0,1767506.615817396,-0.17618899329662513,1300975.5325825366,-0.021946181495442696
2024-10-05,0.0,1767506.615817396,-0.17618899329662513,1300388.8090875086,0.00045098734014104025
2024-10-06,0.0,1767506.615817396,-0.17618899329662513,1316354.1840195379,-0.012277385671468632
2024-10-07,0.0,1767506.615817396,-0.17618899329662513,1303867.2412366034,0.009486005312646983
2024-10-08,0.0,1767506.615817396,-0.17618899329662513,1302536.4266234168,0.001020667266649511
2024-10-09,0.0,1767506.615817396,-0.17618899329662513,1270592.0563925097,0.02452474232426416
2024-10-10,0.0,1767506.615817396,-0.17618899329662513,1264103.9422580265,0.005106370767738344
2024-10-11,0.0,1767506.615817396,-0.17618899329662513,1310488.8349662058,-0.036693891346722296
2024-10-12,0.0,1767506.615817396,-0.17618899329662513,1324449.0823539768,-0.010652702270546932
2024-10-13,0.0,1767506.615817396,-0.17618899329662513,1317404.2095315328,0.005319096759781039
2024-10-14,0.0,1767506.615817396,-0.17618899329662513,1384751.0563642213,-0.051120868102157546
2024-10-15,0.0,1767506.615817396,-0.17618899329662513,1405499.0659571502,-0.014983205463229288
2024-10-16,0.0,1767506.615817396,-0.17618899329662513,1416937.4500368272,-0.008138307848598592
2024-10-17,0.0,1767506.615817396,-0.17618899329662513,1412783.6572361344,0.0029315286998625734
2024-10-18,0.0,1767506.615817396,-0.17618899329662513,1433868.4042063884,-0.014924257413553965
2024-10-19,-0.0018288965813000324,1764274.0290103024,-0.17769565843042226,1432820.6836795527,-0.0010982015441807214
2024-10-20,0.009464323479574377,1780971.6891274678,-0.1699131041431494,1446524.6586264595,-0.00010001007800264361
2024-10-21,-0.024069398465712544,1738104.7718857056,-0.18989279640069434,1411855.7959375684,-0.000102394182625698
2024-10-22,0.0006199413049983171,1739182.294826212,-0.18939057748370655,1412872.0848485993,-9.988356235357543e-05
2024-10-23,-0.011335767116054107,1719467.3293596976,-0.19857945711943034,1397002.2620286173,-0.00010345317187820946
2024-10-24,0.022853089265599813,1758762.4697268375,-0.18026452191369516,1429054.757017894,-9.067815731933493e-05
2024-10-25,-0.02210495147379976,1719885.1106795855,-0.19838473487814498,1397624.1889333471,-0.0001109950279774008
2024-10-26,0.0058171820267007845,1729889.995433421,-0.1937215929655491,1405889.2370813438,-9.645928935597681e-05
2024-10-27,0.013755311421891347,1753685.171046222,-0.18263098238404374,1425354.6272053209,-9.029576433872144e-05
2024-10-28,0.02845042229272976,1803578.254730985,-0.15937648866387616,1466016.8703959235,-7.738574499960293e-05
2024-10-29,0.0395874251226398,1874977.2738429692,-0.12609836835252683,1524148.8056509858,-6.555324954127251e-05
2024-10-30,-0.0054900571014887545,1864683.5415455776,-0.13089613821135565,1515941.3821319651,-0.0001051343901429247
2024-10-31,-0.028503906798095446,1811532.77566942,-0.155668993685644,1472927.6349909324,-0.00012962554419904126
2024-11-01,-0.011437606893672791,1790813.1759063092,-0.16532611982400675,1456247.9242037064,-0.0001134179851467465
2024-11-02,-0.0018473795759876843,1787504.8642207303,-0.16686807930285424,1453706.7828379194,-0.00010238730952538688
2024-11-03,-0.008742819277147595,1771877.0322358261,-0.17415200111953227,1441160.3295290607,-0.00011215630096927942
2024-11-04,-0.013584127177306171,1747807.6292873868,-0.18537042536544837,1421756.9644602723,-0.00012041694936160141
2024-11-05,0.02236815065790765,1786902.8536603274,-0.16714866830963554,1453649.5772971536,-6.368096599329576e-05
2024-11-06,0.0894237203267485,1946694.354697117,-0.09267200375079641,1583566.503536581,5.0787352772196925e-05
2024-11-07,0.0036891871587940717,1953876.0745125627,-0.08932470095821947,1589557.369509028,-9.396053918231395e-05
2024-11-08,0.008508305732565224,1970500.24951806,-0.08157639709087677,1603217.3401938078,-8.526311043843826e-05
2024-11-09,0.0020954139171640573,1974629.263164675,-0.07965191949148913,1606730.9757526047,-9.6201324704559e-05
2024-11-10,0.04814903634821377,2069705.7593310378,-0.035338046310076,1684106.1843799546,-7.879647699438053e-06
2024-11-11,0.10309640213202509,2283084.9765899987,0.0,1857566.3757146774,9.803246652406727e-05
2024-11-12,-0.007965657208285015,2264898.7042890973,-0.007965657208285019,1842982.5250693338,-0.000114604973485255
2024-11-13,0.027504831521466988,2327194.361563758,0.0,1893759.0431377983,-4.644331579939376e-05
2024-11-14,-0.03391146465496986,2248275.7922263434,-0.03391146465496988,1829856.2632209244,-0.0001675835902529288
2024-11-15,0.042436269809391636,2343684.230351184,0.0,1907523.3667870509,-8.10417079000203e-06
2024-11-16,-0.005000914371272702,2331963.6662018956,-0.005000914371272712,1898195.5109366316,-0.00011087946379439995
2024-11-17,-0.008187540836514517,2312870.6184555995,-0.013147510017152484,1882879.30364303,-0.00011871588916012588
2024-11-18,0.006683441685527258,2328328.554360217,-0.0065519389481347255,1895621.4711463014,-8.394243655507339e-05
2024-11-19,0.0203643792640964,2375743.5200926336,0.0,1934318.1906285596,-4.9358431572388284e-05
2024-11-20,0.021357599222301626,2426483.698049752,0.0,1975719.2863346867,-4.585751336283472e-05
2024-11-21,0.042758299290614143,2530236.0142347594,0.0,2060177.2952675517,1.0319090679056231e-05
2024-11-22,0.005762002181961101,2544815.239669657,0.0,2072223.5667968988,-8.519920066696329e-05
2024-11-23,-0.012465751190611996,2513092.2060658573,-0.012465751190611978,2046667.5677063204,-0.00013310547609513002
2024-11-24,0.0022368775373080574,2518713.68557079,-0.010256758012127878,2051437.629720898,-9.377062942061976e-05
2024-11-25,-0.05019391316047239,2392289.5895611565,-0.05993584435163151,1948969.9335640417,-0.00024469965657603066
2024-11-26,-0.011369440731693436,2365090.5948595935,-0.07062384805326512,1927075.7177147544,-0.00013570363178350142
2024-11-27,0.042424054609830675,2465427.327413114,-0.031195943430002575,2008754.9622663455,3.8981827920725465e-05
2024-11-28,-0.0023936265659361133,2459526.015065833,-0.03351489855699515,2004163.2222854346,-0.00010776290054903548
2024-11-29,0.018950701258233504,2506135.757814199,-0.015199328129015229,2042216.8509083213,-3.6588898449707585e-05
2024-11-30,-0.010931258717574943,2478740.5394641664,-0.025964439058478617,2020172.601479591,-0.00013698414339069487
2024-12-01,0.007989585569157853,2498544.649107956,-0.018182298596933655,2036458.1598046208,-7.18831949972909e-05
2024-12-02,-0.01398526919502574,2463601.82959439,-0.031913283451496924,2008283.6975733743,-0.0001502379690713207
2024-12-03,-5.393909352613413e-06,2463588.54114944,-0.03191850522349146,2008473.754076942,-0.00010003019196436203
2024-12-04,0.028571487443481924,2533976.930218797,-0.004258976951217328,2065839.176994572,9.788391559961696e-06
2024-12-05,-0.01681661723219796,2491364.0101080877,-0.02100397259822591,2031438.5307605506,-0.00016447576004918751
2024-12-06,0.02884814390211865,2563235.2375842454,0.0,2090010.5086368837,1.5384756606007244e-05
2024-12-07,0.000817114731092472,2565329.694856131,0.0,2091920.5031573055,-9.675365020456184e-05
2024-12-08,0.012749527792903725,2598036.4370986605,0.0,2118691.8580590137,-4.797328866334993e-05
2024-12-09,-0.038168140696376196,2498874.216833167,-0.038168140696376245,2038371.0879425178,-0.000257592349775293
2024-12-10,-0.007157526045182494,2480988.4595425483,-0.04505247728042827,2024049.3769729885,-0.00013146928140395087
2024-12-11,0.0470314192550203,2597672.867950161,-0.00013993997286101652,2119014.765525385,0.00011290549108289305
2024-12-12,-0.011232075522267015,2568495.6101152007,-0.011370443678784304,2095530.9480927817,-0.00014965277813838718
2024-12-13,0.014163714622108303,2604875.04894501,0.0,2125285.372878497,-3.527624118371264e-05
2024-12-14,-0.00014256973088921931,2604503.672610282,-0.00014256973088924824,2125196.3166337158,-0.00010066653712637041
2024-12-15,0.030055111438527904,2682782.320732639,0.0,2188981.3327633734,4.140605497426897e-05
2024-12-16,0.015236331057078667,2723658.0803253995,0.0,2222396.702613958,-2.8929249367593002e-05
2024-12-17,0.0006107668113113363,2725321.600286222,0.0,2223969.959757055,-9.714332068555542e-05
2024-12-18,-0.056239766969777616,2572050.1485684235,-0.05623976696977764,2099715.962965175,-0.00036940943785601643
2024-12-19,-0.02760868296203245,2501039.2314541494,-0.08229574403568293,2042255.8261119197,-0.00024301166803941676
2024-12-20,0.0034439607697078767,2509652.7124507776,-0.07913520657994791,2049455.3424841247,-8.131568202407458e-05
2024-12-21,-0.005379351415975231,2496152.4085784494,-0.08408886191035383,2038696.3003940482,-0.00012964342427257414
2024-12-22,-0.021866604264304312,2441570.0316766743,-0.10411672830822875,1994572.1790386748,-0.00022330146003435303
2024-12-23,-0.003321634878137636,2433460.0275020413,-0.10709252543022024,1988185.2747070838,-0.00011949238426745001
2024-12-24,0.04000079231774212,2530800.3566756775,-0.07137551898099488,2067437.1603421017,0.00013937364452809575
2024-12-25,0.007709056670690773,2550310.4400474946,-0.0642167002310286,2083488.6579014368,-5.4902431543268904e-05
2024-12-26,-0.03690666071374671,2456186.9979219357,-0.09875333697719232,2007256.512368865,-0.000317958757789949
2024-12-27,-0.015779802086635986,2417428.853206959,-0.1129748309509333,1975980.587834079,-0.0001983732348368461
2024-12-28,0.01058292725058707,2443012.3268939187,-0.10358750811744726,1996955.3241490156,-3.192212803337924e-05
2024-12-29,-0.01659555003319535,2402469.1935912375,-0.11846396647686552,1964228.725772773,-0.00020730239416066887
2024-12-30,-0.010262041349238471,2377814.9553863327,-0.1275103257037236,1944402.7102434593,-0.00016850424270142828
2024-12-31,0.008405978069485176,2397802.815754604,-0.12017619663573684,1960829.9203837176,-4.248276309692933e-05
2025-01-01,0.01082979868370737,2423770.537532453,-0.11064788196816817,1982115.201062808,-2.5441976290840884e-05
2025-01-02,0.02537351085872186,2485270.105585583,-0.08808189634406012,2032259.105477169,7.533223243716414e-05
2025-01-03,0.012247406953504125,2515708.219958068,-0.07691326422031804,2057182.0718254338,-1.6268618717063532e-05
2025-01-04,0.0003743702060090559,2516650.0261626323,-0.07656768804887996,2058152.6801214945,-9.74442771881634e-05
2025-01-05,0.0013665153240380867,2520089.0669886246,-0.07530580364388674,2061151.4658134035,-9.051248583857863e-05
2025-01-06,0.03954241494765465,2619739.4745805366,-0.038741162031885296,2142286.733867462,0.00017836558021078197
2025-01-07,-0.05211310067906061,2483216.727588812,-0.08883534063355442,2031626.7013671708,-0.0004580020637053872
2025-01-08,-0.019780292719119075,2434097.9738320922,-0.10685844431113913,1991939.047810631,-0.0002453783916828156
2025-01-09,-0.026687198034449966,2369138.719169182,-0.13069388988060449,1939382.8716552837,-0.0003027681428261486
2025-01-10,0.023571619383373488,2424983.1553238505,-0.11020293712522922,1984929.7974860999,8.635172606896724e-05
2025-01-11,-0.0014427131008043492,2421484.600356435,-0.11148665900489586,1982287.0272292092,-0.00011129560672595851
2025-01-12,-0.0006861083926023026,2419823.199449573,-0.1120962754650917,1981136.0014584274,-0.00010545294010166906
2025-01-13,-0.00019635790045891,2419348.0480466476,-0.11227062237625099,1980948.2499400186,-0.00010158827420880812
2025-01-14,0.021492759117954785,2471346.5128658083,-0.09319086870105181,2023375.9022183388,7.490921722919097e-05
2025-01-15,0.04099759935025227,2572665.7870559236,-0.056013871248907304,2105862.7297520153,0.00023066748986910746
2025-01-16,-0.005216194110378769,2559246.2629295094,-0.06093788613397806,2095174.9326577636,-0.00014093590705299697
2025-01-17,0.04113551296479745,2664522.170758356,-0.022309084374292132,2180882.2435468277,0.00022851777640853221
2025-01-18,0.0045351606957542145,2676606.206980145,-0.017875098961150398,2190914.1675912803,-6.4777734730459e-05
2025-01-19,-0.031185672250288787,2593134.4430661737,-0.04850332423379525,2123343.3181099547,-0.0003442771464294836
2025-01-20,0.009137175179010582,2616828.3667351953,-0.039809332425073236,2142798.231028663,-2.522110084557383e-05
2025-01-21,0.03819330739248783,2716773.6969392947,-0.00313647510298588,2224181.180215265,0.00021355362559494218
2025-01-22,-0.023247044845923437,2653616.7369703217,-0.026310606171532067,2173111.9290316026,-0.00028612258026539106
2025-01-23,0.0018795848699300066,2658604.434839724,-0.024480474318880792,2177379.9233697215,-8.441628486566266e-05
2025-01-24,0.009217505776058177,2683110.1365741133,-0.015488617456257493,2197499.5101906545,-2.2768098514980295e-05
2025-01-25,-0.0012899215262631714,2679649.1350516113,-0.016758559881451807,2194908.49732779,-0.00011084828831742222
2025-01-26,-0.020579860456300447,2624502.329780403,-0.0369935315139434,2150341.609277776,-0.0002751925832330526
2025-01-27,-0.005381875856257046,2610377.5840570675,-0.04217631277610787,2139085.5285697686,-0.0001473211885509862
2025-01-28,-0.0074875548493124056,2590832.2387190247,-0.04934807017016739,2123426.088031575,-0.000166930999052739
2025-01-29,0.023777668721390866,2652436.189403985,-0.0267437835133227,2173668.8972636694,0.00011646877886328788
2025-01-30,0.009526466035003178,2677704.5326723554,-0.01747209122360669,2194407.4773718566,-1.4352317918131519e-05
2025-01-31,-0.02219942978471201,2618261.0189150902,-0.039283650546008214,2146351.0513351634,-0.00029993001894912386
2025-02-01,-0.017779121776429596,2571710.63741732,-0.05636434351555764,2108760.7247292437,-0.00026552511546562574
2025-02-02,-0.0295482123574915,2495721.1853808933,-0.08424709028146087,2047258.2725393504,-0.00038300102333710395
2025-02-03,0.037405995887285215,2589076.1217770614,-0.0499924407067598,2123279.407157818,0.0002728526790405361
2025-02-04,-0.035632353274355544,2496821.246751703,-0.08384344567280477,2048568.7613743169,-0.00044591218156153634
2025-02-05,-0.011992199330653985,2466878.8686676444,-0.09483017769038161,2024456.521169718,-0.00022191333428689397
2025-02-06,-0.0007085347821332855,2465130.999185884,-0.09547152199322535,2023239.4890057454,-0.0001073699009684903
2025-02-07,-0.0005987620464192878,2463654.9723041197,-0.09601311931576122,2022243.1067847246,-0.00010629329695333034
2025-02-08,-0.0007510337323215488,2461804.6843151175,-0.09669204395673124,2020942.676066816,-0.00010797023835018571
2025-02-09,8.7667621989862e-05,2462020.5048775948,-0.09661285309630048,2021320.0650005825,-9.907143708165478e-05
2025-02-10,0.010044194100919945,2486749.51670903,-0.08753905724452347,2041605.4012088613,8.50675010299895e-06
2025-02-11,-0.01724819849691206,2443857.567432733,-0.1032773647058494,2006975.723267674,-0.00028621459900368684
2025-02-12,0.021983585947408235,2497582.3203096143,-0.08356418558187402,2050807.9496842711,0.00014364742277517273
2025-02-13,-0.013136912945784784,2464771.7987927757,-0.09560332309628433,2024366.6267485162,-0.0002437880971973838
2025-02-14,0.009240071629493585,2487546.4667639765,-0.08724663302021811,2043065.085446849,3.3758396771332855e-06
2025-02-15,0.0006164199634834944,2489079.8400661824,-0.08668399362307508,2044514.7115677793,-9.311500495989833e-05
2025-02-16,-0.01514780092764989,2451375.7541558333,-0.10051872267170896,2014098.5464973147,-0.00027084020030898603
2025-02-17,-0.003660036206351358,2442403.630140251,-0.10381085671366568,2007013.4412066403,-0.00014228117743486646
2025-02-18,-0.0012448616847478,2439363.1754424004,-0.10492648824042983,2004744.9167219354,-0.00011456308378732238
2025-02-19,0.010186555795564045,2464211.8845346887,-0.09580877197175952,2025125.805042261,2.0230818094324476e-05
2025-02-20,0.01728659097960028,2506809.7074697097,-0.08017838804549289,2059923.3278118474,0.00010369662165676807
2025-02-21,-0.021952747954631313,2451778.345791404,-0.10037100005595286,2015436.6951541891,-0.0003564914061342517
2025-02-22,0.0037823316799021622,2461051.784700789,-0.0969683047893058,2023169.5012745536,-5.4457706217814206e-05
2025-02-23,-0.003173164773695003,2453242.461871337,-0.09983377315407851,2017029.6494431908,-0.00013839589867237212
2025-02-24,-0.04958696657467221,2331593.6099149566,-0.144470285756336,1918436.6333386784,-0.0007066657165617496
2025-02-25,-0.0007091665180130047,2329940.121793192,-0.14507699878484284,1858245.5081601727,0.030665925123014692
2025-02-26,0.0,2329940.121793192,-0.14507699878484284,1765410.9736152552,0.04995816437454048
2025-02-27,0.0,2329940.121793192,-0.14507699878484284,1775018.361302234,-0.005442011990729023
2025-02-28,0.0,2329940.121793192,-0.14507699878484284,1767503.2715073465,0.0042338096093689215
2025-03-01,0.0,2329940.121793192,-0.14507699878484284,1803431.494269494,-0.02032710396711601
2025-03-02,0.0,2329940.121793192,-0.14507699878484284,1975372.2812962,-0.09534090292481712
2025-03-03,0.0,2329940.121793192,-0.14507699878484284,1806702.0586660649,0.08538654927336375
2025-03-04,0.0,2329940.121793192,-0.14507699878484284,1828942.441377419,-0.012309933784973248
2025-03-05,0.0,2329940.121793192,-0.14507699878484284,1898595.5306337788,-0.038083806073143656
2025-03-06,0.0,2329940.121793192,-0.14507699878484284,1884469.743402768,0.007440124556858829
2025-03-07,0.0,2329940.121793192,-0.14507699878484284,1818879.5048053723,0.034805673493573885
2025-03-08,0.0,2329940.121793192,-0.14507699878484284,1806740.6147814526,0.006673828580645025
2025-03-09,0.0,2329940.121793192,-0.14507699878484284,1691741.1334031133,0.0636502442229373
2025-03-10,0.0,2329940.121793192,-0.14507699878484284,1646929.9169262412,0.026488223045525672
2025-03-11,0.0,2329940.121793192,-0.14507699878484284,1737811.9194973477,-0.055182677560879245
2025-03-12,0.0,2329940.121793192,-0.14507699878484284,1753467.5882416442,-0.009008839546240877
2025-03-13,0.0,2329940.121793192,-0.14507699878484284,1699733.3551259225,0.030644554525017353
2025-03-14,0.0,2329940.121793192,-0.14507699878484284,1759818.4509871122,-0.03534971863674374
2025-03-15,0.0,2329940.121793192,-0.14507699878484284,1767262.295786175,-0.004229893597767154
2025-03-16,0.0,2329940.121793192,-0.14507699878484284,1730300.6014963565,0.020914662400679962
2025-03-17,0.0,2329940.121793192,-0.14507699878484284,1760380.6578218117,-0.017384295133135996
2025-03-18,0.0,2329940.121793192,-0.14507699878484284,1733244.6961767648,0.015414826063030795
2025-03-19,0.0,2329940.121793192,-0.14507699878484284,1819805.4802069895,-0.04994146771149088
2025-03-20,0.0,2329940.121793192,-0.14507699878484284,1764851.4908539255,0.030197727147636355
2025-03-21,0.0,2329940.121793192,-0.14507699878484284,1762031.0271956834,0.0015981308755205204
2025-03-22,0.0,2329940.121793192,-0.14507699878484284,1756830.1425004706,0.0029516419489445944
2025-03-23,0.0,2329940.121793192,-0.14507699878484284,1803808.0450268392,-0.02674015056430301
2025-03-24,0.0,2329940.121793192,-0.14507699878484284,1833472.3658472465,-0.01644538669299811
2025-03-25,0.0,2329940.121793192,-0.14507699878484284,1831266.0759618354,0.0012033395902268929
2025-03-26,0.0,2329940.121793192,-0.14507699878484284,1821130.4275852263,0.005534776464029556
2025-03-27,0.0,2329940.121793192,-0.14507699878484284,1827895.3494828995,-0.003714682811951864
2025-03-28,0.0,2329940.121793192,-0.14507699878484284,1769063.1178277002,0.0321857767578666
2025-03-29,0.0,2329940.121793192,-0.14507699878484284,1731851.4374201787,0.02103468216171689
2025-03-30,0.0,2329940.121793192,-0.14507699878484284,1726433.6745759111,0.0031283069247198814
2025-03-31,0.0,2329940.121793192,-0.14507699878484284,1729786.7993499963,-0.0019422262340362817
2025-04-01,0.0,2329940.121793192,-0.14507699878484284,1784442.8169852283,-0.031596967704788925
2025-04-02,0.0,2329940.121793192,-0.14507699878484284,1729080.2166266982,0.0310251468030025
2025-04-03,0.0,2329940.121793192,-0.14507699878484284,1743681.2498886818,-0.008444393222235336
2025-04-04,0.0,2329940.121793192,-0.14507699878484284,1757862.7758517202,-0.00813309540602325
2025-04-05,0.0,2329940.121793192,-0.14507699878484284,1750489.337872061,0.004194546969735313
2025-04-06,0.0,2329940.121793192,-0.14507699878484284,1643454.4183946217,0.061145713465215135
2025-04-07,0.0,2329940.121793192,-0.14507699878484284,1658819.0303765635,-0.009348973607038236
2025-04-08,0.0,2329940.121793192,-0.14507699878484284,1599291.3218356504,0.03588559538492875
2025-04-09,0.0,2329940.121793192,-0.14507699878484284,1731153.2364610957,-0.0824502158081466
2025-04-10,0.0,2329940.121793192,-0.14507699878484284,1668124.0459194975,0.036408787630172745
2025-04-11,0.0,2329940.121793192,-0.14507699878484284,1748097.3919092948,-0.047942085713244875
2025-04-12,0.0,2329940.121793192,-0.14507699878484284,1786927.1718984614,-0.022212595344448305
2025-04-13,0.0,2329940.121793192,-0.14507699878484284,1755141.4265553174,0.017787935537056265
2025-04-14,0.0,2329940.121793192,-0.14507699878484284,1772566.6952694396,-0.009928127984718316
2025-04-15,0.0,2329940.121793192,-0.14507699878484284,1752710.505388953,0.011201942320973268
2025-04-16,0.0,2329940.121793192,-0.14507699878484284,1760807.0800762349,-0.004619459210398746
2025-04-17,0.0,2329940.121793192,-0.14507699878484284,1780033.3803759876,-0.010919027142326287
2025-04-18,0.0,2329940.121793192,-0.14507699878484284,1770117.334221803,0.005570707978571843
2025-04-19,0.0,2329940.121793192,-0.14507699878484284,1782738.5947762774,-0.007130183016948566
2025-04-20,0.0,2329940.121793192,-0.14507699878484284,1784880.7641654462,-0.0012016172171542827
2025-04-21,0.0,2329940.121793192,-0.14507699878484284,1833851.0120456452,-0.02743614523914495
2025-04-22,0.0,2329940.121793192,-0.14507699878484284,1958042.7742382314,-0.0677218385664009
2025-04-23,0.0,2329940.121793192,-0.14507699878484284,1963241.353948285,-0.0026549878166355345
2025-04-24,0.0,2329940.121793192,-0.14507699878484284,1969305.3508135052,-0.0030887678955136
2025-04-25,0.0,2329940.121793192,-0.14507699878484284,1983097.7533728767,-0.007003689170739236
2025-04-26,0.0,2329940.121793192,-0.14507699878484284,1982873.9602683447,0.0001128502637609552
2025-04-27,0.0,2329940.121793192,-0.14507699878484284,1964461.3197297328,0.009285835059390402
2025-04-28,0.0,2329940.121793192,-0.14507699878484284,1990903.2712978034,-0.013460153835815225
2025-04-29,0.0,2329940.121793192,-0.14507699878484284,1975096.102165327,0.007939697201950202
2025-04-30,0.0,2329940.121793192,-0.14507699878484284,1973318.7490636026,0.0008998818334843284
2025-05-01,0.0,2329940.121793192,-0.14507699878484284,2021889.1867907613,-0.024613579407891883
2025-05-02,0.0,2329940.121793192,-0.14507699878484284,2030212.9072882608,-0.004116803508263045
2025-05-03,0.0,2329940.121793192,-0.14507699878484284,2008614.777259857,0.010638357164841517
2025-05-04,0.0,2329940.121793192,-0.14507699878484284,1975531.95390449,0.016470466975503584
2025-05-05,0.0,2329940.121793192,-0.14507699878484284,1985088.4223738646,-0.0048374152847727725
2025-05-06,0.0,2329940.121793192,-0.14507699878484284,2029099.8090005505,-0.022170995574119168
2025-05-07,0.0,2329940.121793192,-0.14507699878484284,2033216.9315828045,-0.0020290389679165077
2025-05-08,0.0,2329940.121793192,-0.14507699878484284,2163785.9590781345,-0.06421795208723036
2025-05-09,0.0,2329940.121793192,-0.14507699878484284,2157717.3522425964,0.002804624371499198
2025-05-10,0.0,2329940.121793192,-0.14507699878484284,2196221.919780233,-0.017845046988020696
2025-05-11,0.0,2329940.121793192,-0.14507699878484284,2181731.3162617777,0.006597968715249425
2025-05-12,0.0,2329940.121793192,-0.14507699878484284,2153931.5188909275,0.01274208110028996
2025-05-13,0.0,2329940.121793192,-0.14507699878484284,2181432.0872793137,-0.012767615008738131
2025-05-14,0.0,2329940.121793192,-0.14507699878484284,2168945.354040485,0.005724099004339123
2025-05-15,0.0,2329940.121793192,-0.14507699878484284,2174307.378152725,-0.0024721803627976158
2025-05-16,0.0,2329940.121793192,-0.14507699878484284,2168025.036329712,0.002889353127408567
2025-05-17,0.0,2329940.121793192,-0.14507699878484284,2160958.1613762043,0.00325959102643536
2025-05-18,0.0,2329940.121793192,-0.14507699878484284,2230686.267422285,-0.0322672170578604
2025-05-19,-0.00936149774550088,2308128.3925958727,-0.15308035853329544,2212235.4898564965,-0.0010901519111492508
2025-05-20,0.011988696561926693,2335799.8435206725,-0.14292689593941527,2238978.5563039803,-0.0001000103456811896
2025-05-21,0.02605137272273761,2396650.6358499415,-0.12059896505489938,2297525.1793435644,-9.7436462925371e-05
2025-05-22,0.01862071998446302,2441277.9962406885,-0.1042238846291397,2340528.2397352234,-9.640258650511768e-05
2025-05-23,-0.03930613822263962,2345320.7858805633,-0.1394333844364459,2248791.71630243,-0.00011134369917276121
2025-05-24,0.004035212400173682,2354784.653398134,-0.13596081535814827,2258087.302360622,-9.837898172482262e-05
2025-05-25,0.011433737743438144,2381708.643567361,-0.12608161792089922,2284118.5474821734,-9.426876646867477e-05
2025-05-26,0.003852590228086372,2390884.3910137173,-0.12271476850195628,2293141.5166592826,-9.771663626434446e-05
2025-05-27,-0.004641269310852958,2379787.652663908,-0.1267864855237727,2282735.137298539,-0.00010322432534148884
2025-05-28,-0.010723651876845985,2354267.6383359237,-0.136150523267173,2258503.6664979863,-0.0001085479146626378
2025-05-29,-0.0204562067169769,2306108.252859035,-0.15382160673557202,2212570.9699691893,-0.00011853925592741898
2025-05-30,-0.01530915327878779,2270803.6881385385,-0.16677588145925554,2178954.437777452,-0.00011572778057411526
2025-05-31,0.005738138321872865,2283833.8738028966,-0.16199472621394811,2191661.192326917,-9.34450876570736e-05
2025-06-01,0.00996137028855637,2306583.988697395,-0.15364704537800225,2213685.325521532,-8.768896919852942e-05
2025-06-02,0.0019382809275008128,2311054.7964503663,-0.15200657558812442,2218191.781051558,-9.744451101179052e-05
2025-06-03,-0.004651386211650843,2300305.1880357875,-0.15595092051000436,2208110.6141423443,-0.0001066182635723889
2025-06-04,-0.0065633490601364475,2285207.482141866,-0.16149070924258405,2193860.986345061,-0.00011003657387875787
2025-06-05,-0.030601677066039557,2215276.300744463,-0.18715049977521633,2127054.5537601146,-0.00015014298946836035
2025-06-06,0.027333450912260915,2275827.446767957,-0.1649325178617664,2185302.7859936557,-5.1005274146032065e-05
2025-06-07,0.012039622267630223,2303227.5495733484,-0.15487862080884107,2211783.0841330085,-7.782814202195176e-05
2025-06-08,0.001625955525218048,2306972.4951334116,-0.1535044910328653,2215593.6436891104,-9.688953288833346e-05
2025-06-09,0.0428203960375757,2405757.9710228182,-0.11725721809486346,2310496.5880981074,-1.3697063981021884e-05
2025-06-10,3.1133895248558474e-06,2405765.4610844846,-0.11725446977273311,2310734.83974591,-0.00010000368454043951
2025-06-11,-0.014906430419500794,2369904.0856331903,-0.13041305459719124,2276594.447290755,-0.00013173975923053138
2025-06-12,-0.027530195252833956,2304660.1634252197,-0.15435295299344604,2214288.8125449894,-0.00016228402037365974
2025-06-13,0.003645509487564036,2313061.8239165973,-0.1512701386604531,2222562.8710895167,-9.115688479499617e-05
2025-06-14,-0.006262395928611553,2298576.514967875,-0.15658522108859696,2208901.643140105,-0.00011578557751046326
2025-06-15,0.0016057880489206422,2302267.54166514,-0.15523087571633803,2212660.235758076,-9.577826103401854e-05
2025-06-16,0.011300052194387344,2328283.2850514,-0.1456849405197258,2237816.424695614,-6.915331262957736e-05
2025-06-17,-0.02116556873223896,2279003.8451535213,-0.16376700463014238,2190808.138273967,-0.00015924940108968944
2025-06-18,0.0031192333805813988,2286112.5900217975,-0.16115859875704117,2197840.6479941946,-9.077373842081293e-05
2025-06-19,-0.0022825587311704476,2280894.4037690046,-0.1630733035215155,2193059.0610538214,-0.0001069747347888228
2025-06-20,-0.013141880457812172,2250919.1621777797,-0.17407209411858734,2164548.490077566,-0.0001415142193601504
2025-06-21,-0.011541817463288084,2224939.4640833065,-0.18360480324610637,2139864.6135535254,-0.00013811057605817023
2025-06-22,-0.011460824540853842,2199439.8232714264,-0.1929613653520986,2115638.3813556074,-0.00013943904549407193
2025-06-23,0.04333858464383389,2294760.432221294,-0.15798545317356646,2207210.412665688,5.518039239227335e-05
2025-06-24,0.007036198750489442,2310906.8227071622,-0.1520608714712923,2222906.7329664254,-7.518501730507943e-05
2025-06-25,0.011797169977824318,2338168.9832975524,-0.14205758944119093,2249258.5805691886,-5.750984834951289e-05
2025-06-26,-0.003779929416624195,2329330.8695765478,-0.14530055119663166,2241012.6009347797,-0.00011384153075655323
2025-06-27,0.0008431691039549882,2331294.8893986633,-0.1445798950282333,2243119.147826036,-9.682868560556557e-05
2025-06-28,0.0022365808404904985,2336509.0188818257,-0.14266667881088307,2248340.9869317855,-9.135573426100052e-05
2025-06-29,0.009819321264079584,2359451.951574646,-0.13424824749972675,2270555.595718179,-6.112343515130014e-05
2025-06-30,-0.011316273857079895,2332751.7471380057,-0.14404533142326667,2245191.748572222,-0.00014550702195459397
2025-07-01,-0.013833884888721282,2300480.727994135,-0.15588650977832078,2214485.9935481404,-0.00015765654715160782
2025-07-02,0.03001114440750796,2369520.7873286563,-0.13055369792695234,2280879.2051573033,2.982512953653149e-05
2025-07-03,0.006682798697878356,2385355.817760812,-0.12474336331158335,2296284.4686956857,-7.129134930594638e-05
2025-07-04,-0.014770019480218055,2350124.0658652335,-0.13767092088566138,2262746.096455251,-0.0001645240820432603
2025-07-05,0.001889215367830488,2354563.956366774,-0.13604179553727155,2267227.8257808434,-9.144403209671026e-05
2025-07-06,0.009237885881274499,2376315.1494958526,-0.12806064823825403,2288302.0955458293,-5.72848666091641e-05
2025-07-07,-0.00875700316869521,2355505.750201899,-0.13569622390454167,2268586.0906718336,-0.00014100578252274065
2025-07-08,0.006025690635268033,2369699.2991422107,-0.13048819673489642,2282416.8398024878,-7.094778966298954e-05
2025-07-09,0.0212207465565446,2419986.087384529,-0.11203650712988361,2330842.6920969435,3.827959568880601e-06
2025-07-10,0.04304707457730861,2524159.40896422,-0.07381227643037629,2430921.1663644034,0.00011046859922592134
2025-07-11,0.013044544436395578,2557085.9185389997,-0.061730579513828265,2462722.8370595556,-3.76036542864e-05
2025-07-12,-0.0010209718224446496,2554475.2058686013,-0.06268852615400615,2460466.8852211726,-0.00010493214293427755
2025-07-13,0.014163587671806255,2590655.7394023766,-0.049412832918398486,2495390.343998085,-3.0246428006419634e-05
2025-07-14,0.006267104160096126,2606891.6487641623,-0.04345540412904732,2511201.2849244582,-6.895503176607143e-05
2025-07-15,-0.017570361757863084,2561087.619431824,-0.060262238716028864,2467551.361879531,-0.00018827323036363364
2025-07-16,0.007346192146602926,2579901.861188456,-0.05335874455421836,2485830.7323671295,-6.170653789516756e-05
2025-07-17,0.0045359716331352384,2591604.22284708,-0.04906480667276067,2497295.5190040832,-7.608279505832982e-05
2025-07-18,-0.010668464537584854,2563955.7851001807,-0.059209825060313706,2471045.5098365285,-0.0001570897452162212
2025-07-19,-0.000823990028710142,2561843.1110992045,-0.05998502678357245,2469267.7376465932,-0.00010454873033738377
2025-07-20,-0.0050065876719979086,2549017.0189615823,-0.06469129415997131,2457221.466117246,-0.00012810837804000386
2025-07-21,0.0008878167436023876,2551280.0789507437,-0.06386091143048953,2459636.2523874976,-9.491367103420245e-05
2025-07-22,0.021957323797702655,2607299.3617428937,-0.043305802343082477,2513574.162373636,2.8101566658333965e-05
2025-07-23,-0.010149662930757364,2580836.1520616245,-0.05301592597711158,2488461.76815412,-0.0001589514588500318
2025-07-24,-0.003616147602758968,2571503.467597233,-0.056440360166240364,2479765.6877813824,-0.00012158703364573142
2025-07-25,-0.006278796629940797,2555357.5202910025,-0.06236477925297676,2464538.5367325614,-0.00013823620366748557
2025-07-26,0.0025146506538331614,2561783.3517501797,-0.060006954232068276,2470943.880945425,-8.435281776830728e-05
2025-07-27,0.012662728654357025,2594222.5192046417,-0.04810407735652626,2502282.459167716,-2.010824208431572e-05
2025-07-28,-0.011504941894179166,2564376.139860621,-0.059055584635845496,2473926.322197116,-0.00017283313614890883
2025-07-29,-0.0010517748297346197,2561678.9935827437,-0.0600452462881049,2471588.64815764,-0.00010685014927758196
2025-07-30,-0.0010433990269658189,2559006.1402134406,-0.0610259941635198,2469274.023969754,-0.00010690654484879492
2025-07-31,-0.017838744845557697,2513356.6826199577,-0.07777611187024794,2425768.057725214,-0.00021981481907273892
2025-08-01,-0.0215527886762249,2459186.837171472,-0.09765260844327495,2374091.338180092,-0.0002495485001702269
2025-08-02,-0.006782446130510822,2442507.5349234953,-0.10377273101751543,2358342.422308908,-0.00014878565674936173
2025-08-03,0.01477972306684805,2478607.119878354,-0.09052674017699683,2393178.082105671,8.475487517367597e-06
2025-08-04,0.007363477121225648,2496858.2866980853,-0.08382985463592364,2410910.3329341556,-4.602197166381217e-05
2025-08-05,-0.008202586987613558,2476377.5894057006,-0.09134481994872701,2391521.6359527432,-0.000160522246941186
2025-08-06,0.007513992748178655,2494985.0726542473,-0.08451719151522671,2409595.234128872,-4.337069124016324e-05
2025-08-07,0.021628351157009007,2548947.485937109,-0.06471680785511312,2461556.724113187,6.394513215202124e-05
2025-08-08,-0.006939074368502274,2531260.1497707847,-0.07120680748101671,2444850.4012245797,-0.00015218104812753097
2025-08-09,-0.0019360775392093243,2526359.433848918,-0.07300502311962319,2440397.7985296324,-0.00011486071027100309
2025-08-10,0.02440480575256565,2588014.7450931626,-0.050381890775253464,2499735.6601110827,8.997412257394366e-05
2025-08-11,-0.005237057867216066,2574461.162111901,-0.055355095765019804,2486995.168960654,-0.00014032249886020143
2025-08-12,0.012196513761192795,2605860.6131032556,-0.04383372119107714,2517338.8317706618,-4.4197945763269075e-06
2025-08-13,0.026514658432389426,2674954.1171821053,-0.018481298903889727,2583813.556036812,0.0001079135686505861
2025-08-14,-0.04105905715118019,2565123.0232079406,-0.05878153134714702,2478803.880337747,-0.00041770535792828856
2025-08-15,-0.008223656471551544,2544028.3326578108,-0.0665217886980279,2458833.488919835,-0.00016719360398875782
2025-08-16,0.00023095345099033437,2544615.884780655,-0.06630619868370347,2459642.5387106575,-9.808460484728165e-05
2025-08-17,0.00010834854239671898,2544891.5902027306,-0.06620503432128601,2460152.778607226,-9.909619338843711e-05
2025-08-18,-0.010220516189021422,2518881.484505759,-0.07574890088523203,2435469.3211713964,-0.00018721352161399363
2025-08-19,-0.02921299488714202,2445297.4125775755,-0.10274904351810718,2365185.9232460926,-0.0003547385690130245
2025-08-20,0.012400878193223885,2475621.2479371554,-0.09162234369802166,2394486.475499583,1.2612236830689127e-05
2025-08-21,-0.015743104423176835,2436647.2841186454,-0.10592302799686437,2357371.18538053,-0.00024279130852078445
2025-08-22,0.0397007784361858,2533384.0780725735,-0.070427476226472,2450324.740977296,0.00026975621396352345
2025-08-23,-0.013027914410660979,2500379.367134113,-0.0825378675046956,2418936.291257928,-0.00021800020033102552
2025-08-24,-0.017102834337816786,2457615.793036323,-0.09822907036798288,2378191.2781457053,-0.00025864821374410596
2025-08-25,-0.03018344854786359,2383436.4731967943,-0.12544762682448996,2307331.6339306417,-0.00038784511334366556
2025-08-26,0.015045430023541417,2419296.299869833,-0.11228961029195572,2341932.3947852887,4.94232311831766e-05
2025-08-27,-0.004630346142186714,2408094.120580924,-0.11640001667031942,2331429.8346801815,-0.00014577599469089986
2025-08-28,0.011745870489215715,2436379.28224711,-0.10602136570185573,2358773.0354454364,1.77882803826801e-05
2025-08-29,-0.03769526408313684,2344539.3217961215,-0.13972012640640633,2270984.5325018656,-0.00047739630850685
2025-08-30,0.003991928915229259,2353898.5561076915,-0.1362859503038183,2280182.0519187464,-5.808520210526247e-05
2025-08-31,-0.005394979596744176,2341199.321424685,-0.14094566997935046,2268238.457001029,-0.00015697901355971045
2025-09-01,0.009153769497659336,2362630.1203610827,-0.13308208465637536,2289005.7446516524,-1.920278485556537e-06
2025-09-02,0.01842997029235116,2406173.3232911513,-0.11710481323068542,2330968.8376483736,9.751608389407806e-05
2025-09-03,0.004130309301251689,2416111.5633487646,-0.11345818302874174,2340727.306635322,-5.61340476836758e-05
2025-09-04,-0.008922141840236542,2394554.6732787313,-0.1213680348670603,2320300.10906771,-0.00019528266714674558
2025-09-05,-0.0007482564551912763,2392762.932287142,-0.12202547690670838,2318814.860448868,-0.00010814588801166813
2025-09-06,-0.004413974475687477,2382201.3377776556,-0.12590083404194605,2308923.959587327,-0.0001484761686660896
2025-09-07,0.008611731580734139,2402716.2162698624,-0.11837332664977177,2328817.448318569,-4.181753543663902e-06
2025-09-08,0.008341888860553981,2422759.407909436,-0.1110188949241843,2348260.8363114814,-7.150265269872946e-06
2025-09-09,-0.004783091220054381,2411171.1286571603,-0.1152709726426667,2337388.849948612,-0.00015328766724864717
2025-09-10,0.021783674274350462,2463695.295143546,-0.09599832368965158,2387964.6247641346,0.00014595027449715303
2025-09-11,0.01341113951393691,2496736.256466546,-0.08387463108782069,2419871.6961442865,4.952140231884172e-05
2025-09-12,0.0046863176056473055,2508436.7555418834,-0.07958137664250733,2431328.1010170253,-4.7984998491790165e-05
2025-09-13,-0.001069710205071961,2505753.4551457027,-0.08056595783685111,2428999.4373740796,-0.00011193587507873914
2025-09-14,-0.005774845418914709,2491283.116284325,-0.08587554730323123,2415373.203290264,-0.00016503181659188737
2025-09-15,0.0006158076785367506,2492817.267556742,-0.08531262244612228,2417085.1786311134,-9.29752700020714e-05
2025-09-16,0.012521454504714535,2524030.9655610207,-0.07385940606204465,2447243.8139960817,4.417996280192682e-05
2025-09-17,-0.0030580575897685147,2516312.333509976,-0.07669159733452932,2440090.606871163,-0.0001350929533849854
2025-09-18,0.005337228852836606,2529742.468299134,-0.07176368908775667,2453206.8106025145,-3.806487372304268e-05
2025-09-19,-0.012555992802773086,2497979.040074301,-0.08341861752684339,2423008.361857527,-0.00024620766175964537
2025-09-20,0.00036483909414730675,2498890.400484481,-0.08308421280554949,2424124.184218607,-9.567205333582685e-05
2025-09-21,-0.004067480330041118,2488726.212933582,-0.08681374973426706,2414624.7117458917,-0.0001487568031863784
2025-09-22,-0.02277718366366266,2432040.038893022,-0.10761356067570102,2360535.0918274675,-0.000376344454444566
2025-09-23,-0.005964109345183433,2417535.0861692,-0.11293585097799001,2346868.8348195264,-0.0001746351470427454
2025-09-24,0.011729267725182568,2445891.0024299007,-0.10253123808469967,2374281.394683658,4.87854343009797e-05
2025-09-25,-0.038648864910217906,2351360.09149187,-0.1372173870251046,2283915.289699966,-0.0005884626402787863
2025-09-26,0.005932706452157266,2365310.020678009,-0.1320987510502994,2297514.0735059786,-2.144774407786265e-05
2025-09-27,-0.00017169400904859522,2364903.911117916,-0.1322477644951898,2297354.610441794,-0.00010228722454908024
2025-09-28,0.02327003882033707,2419935.316935997,-0.11205513628855854,2350329.4557196656,0.0002109755668484592
2025-09-29,0.019304681173937466,2466651.3966909978,-0.09491364379457379,2395339.739096637,0.00015405390020095666
2025-09-30,-0.0024326466340443,2460650.9054734767,-0.09711539907251635,2389828.1004931643,-0.0001316625550379369
2025-10-01,0.04029008575722304,2559790.7414735914,-0.060738101072272004,2485088.108057707,0.0004294750526769864
2025-10-02,0.01641972101165412,2601821.791296803,-0.04531568273500228,2525621.4816235085,0.00010908259429776024
2025-10-03,0.014205819696233135,2638782.8025456956,-0.031753609457114314,2561299.508723847,7.938493158876625e-05
2025-10-04,0.001216057741680654,2641991.714801345,-0.03057616593804029,2564631.259999185,-8.47472848262143e-05
2025-10-05,0.00892939594468789,2665583.104905391,-0.021919796685483658,2587499.0177620077,1.2808940741626529e-05
2025-10-06,0.009545973436462907,2691028.6904175025,-0.012583069045912956,2612146.224067609,2.0479460848044084e-05
2025-10-07,-0.027119362567554095,2618049.70768238,-0.03936118680179838,2542460.445930812,-0.00044176791579575436
2025-10-08,0.01637514044234578,2660920.639330721,-0.023630591321309555,2583804.5456402795,0.00011368796797661673
2025-10-09,-0.01360550219728307,2624717.477725511,-0.03691458745644747,2549363.8764821333,-0.0002760616185601972
2025-10-10,-0.07413354685927687,2430137.861598184,-0.10831152501673089,2363123.1710728565,-0.0010797520960632578
2025-10-11,-0.01926489231857953,2383321.5173751917,-0.12548980746900198,2318488.1811885983,-0.00037675714617790845
2025-10-12,0.039475397383270217,2477404.081365676,-0.09096817010312061,2408893.890008205,0.00048200955704480464
2025-10-13,0.001727048812569132,2481682.6791426525,-0.0893982277607097,2413235.643871413,-7.533604183085352e-05
2025-10-14,-0.018935228205283705,2434691.4512799866,-0.10664068012219641,2368438.04776139,-0.0003719369561303587
2025-10-15,-0.020439188676655173,2384928.3333378355,-0.12490021981722721,2320979.2415132034,-0.0004011698257743168
2025-10-16,-0.02365165042612083,2328520.842106378,-0.14559777390608528,2267147.3608443807,-0.0004580433028936737
2025-10-17,-0.0007111561140089595,2326864.900272917,-0.1462053872729948,2230213.1168323653,0.015579908441344714
2025-10-18,0.0,2326864.900272917,-0.1462053872729948,2245998.7029219894,-0.007078061719969053
2025-10-19,0.0,2326864.900272917,-0.1462053872729948,2276545.4139700974,-0.01360050253295686
2025-10-20,0.0,2326864.900272917,-0.1462053872729948,2316134.7913412196,-0.017390110967337113
2025-10-21,0.0,2326864.900272917,-0.1462053872729948,2269313.837349771,0.0202151248565009
2025-10-22,0.0,2326864.900272917,-0.1462053872729948,2254012.298143545,0.006742804346575482
2025-10-23,0.0,2326864.900272917,-0.1462053872729948,2306623.374854499,-0.02334107793213258
2025-10-24,0.0,2326864.900272917,-0.1462053872729948,2326042.036642979,-0.008418652997351561
2025-10-25,0.0,2326864.900272917,-0.1462053872729948,2339481.776473018,-0.005777943656356088
2025-10-26,0.0,2326864.900272917,-0.1462053872729948,2400524.6984398407,-0.026092497313165763
2025-10-27,0.0,2326864.900272917,-0.1462053872729948,2391058.5434798794,0.0039433691168074825
2025-10-28,0.0,2326864.900272917,-0.1462053872729948,2365720.470258883,0.010597010805147522
2025-10-29,0.0,2326864.900272917,-0.1462053872729948,2305431.2784390654,0.02548449513700146
2025-10-30,0.0,2326864.900272917,-0.1462053872729948,2269842.0980394026,0.015437103127948992
2025-10-31,0.0,2326864.900272917,-0.1462053872729948,2296771.239652452,-0.011863883235009975
2025-11-01,0.0,2326864.900272917,-0.1462053872729948,2307040.7867123913,-0.004471297307560018
2025-11-02,0.0,2326864.900272917,-0.1462053872729948,2316314.7897277307,-0.004019869552698729
2025-11-03,0.0,2326864.900272917,-0.1462053872729948,2233384.7764112023,0.03580256607793619
2025-11-04,0.0,2326864.900272917,-0.1462053872729948,2126814.4162153625,0.04771697260652341
2025-11-05,0.0,2326864.900272917,-0.1462053872729948,2176852.291312408,-0.023527146851904046
2025-11-06,0.0,2326864.900272917,-0.1462053872729948,2123646.528430422,0.024441604556416086
2025-11-07,0.0,2326864.900272917,-0.1462053872729948,2165409.5068065184,-0.01966569192047385
2025-11-08,0.0,2326864.900272917,-0.1462053872729948,2143907.3479783726,0.009929834869828569
2025-11-09,0.0,2326864.900272917,-0.1462053872729948,2194407.896460069,-0.023555378234659363
2025-11-10,0.0,2326864.900272917,-0.1462053872729948,2221400.73948115,-0.012300740926345144
2025-11-11,0.0,2326864.900272917,-0.1462053872729948,2159540.3859592895,0.027847453375886122
2025-11-12,0.0,2326864.900272917,-0.1462053872729948,2130107.401831208,0.013629281637633106
2025-11-13,0.0,2326864.900272917,-0.1462053872729948,2088987.5143144834,0.0193041381300183
2025-11-14,0.0,2326864.900272917,-0.1462053872729948,1982161.5103100953,0.05113769386957956
2025-11-15,0.0,2326864.900272917,-0.1462053872729948,2003162.8587264132,-0.010595175169672455
2025-11-16,0.0,2326864.900272917,-0.1462053872729948,1975192.911542005,0.013962892264381965
2025-11-17,0.0,2326864.900272917,-0.1462053872729948,1932313.9012607231,0.02170877083991085
2025-11-18,0.0,2326864.900272917,-0.1462053872729948,1947939.395653847,-0.0080864161785148
2025-11-19,0.0,2326864.900272917,-0.1462053872729948,1918480.2185125942,0.015123251373723723
2025-11-20,0.0,2326864.900272917,-0.1462053872729948,1815432.0851838705,0.05371341978632305
2025-11-21,0.0,2326864.900272917,-0.1462053872729948,1783837.0249766104,0.01740360350856096
2025-11-22,0.0,2326864.900272917,-0.1462053872729948,1775671.300734558,0.00457761786963673
2025-11-23,0.0,2326864.900272917,-0.1462053872729948,1819471.4669030334,-0.02466682102163631
2025-11-24,0.0,2326864.900272917,-0.1462053872729948,1850274.6599361107,-0.01692974778302414
2025-11-25,0.0,2326864.900272917,-0.1462053872729948,1830786.0104164383,0.010532841389259029
2025-11-26,0.0,2326864.900272917,-0.1462053872729948,1896039.3020924036,-0.035642227603171595
2025-11-27,0.0,2326864.900272917,-0.1462053872729948,1913849.084239874,-0.009393150304329856
2025-11-28,0.0,2326864.900272917,-0.1462053872729948,1904561.0417694747,0.004853069422706469
2025-11-29,0.0,2326864.900272917,-0.1462053872729948,1902711.6054955043,0.000971056444718732
2025-11-30,0.0,2326864.900272917,-0.1462053872729948,1893440.5360976397,0.004872556288134988
2025-12-01,0.0,2326864.900272917,-0.1462053872729948,1808072.4771151645,0.0450862107127048
2025-12-02,0.0,2326864.900272917,-0.1462053872729948,1912674.1704410806,-0.05785259974357393
2025-12-03,0.0,2326864.900272917,-0.1462053872729948,1957769.5287248301,-0.023577125147954625
2025-12-04,0.0,2326864.900272917,-0.1462053872729948,1929441.4706643494,0.014469557138797606
2025-12-05,0.0,2326864.900272917,-0.1462053872729948,1871858.3314212435,0.029844460232980596
2025-12-06,0.0,2326864.900272917,-0.1462053872729948,1869904.332638695,0.0010438817669845557
2025-12-07,0.0,2326864.900272917,-0.1462053872729948,1894180.436333691,-0.01298253780755676
2025-12-08,0.0,2326864.900272917,-0.1462053872729948,1899189.1690842821,-0.0026442743544992098
2025-12-09,0.0,2326864.900272917,-0.1462053872729948,1942029.6232501764,-0.022557233825501566
2025-12-10,0.0,2326864.900272917,-0.1462053872729948,1928127.838667803,0.007158379262571457
2025-12-11,0.0,2326864.900272917,-0.1462053872729948,1938563.344659193,-0.005412247975528528
2025-12-12,0.0,2326864.900272917,-0.1462053872729948,1891521.5311806872,0.02426632774632176
2025-12-13,0.0,2326864.900272917,-0.1462053872729948,1890926.216377339,0.00031472800786813693
2025-12-14,0.0,2326864.900272917,-0.1462053872729948,1847595.8480930966,0.022914891077693733
2025-12-15,0.0,2326864.900272917,-0.1462053872729948,1811133.287862263,0.019735138649757622
2025-12-16,0.0,2326864.900272917,-0.1462053872729948,1841126.173839886,-0.016560286412174774
2025-12-17,0.0,2326864.900272917,-0.1462053872729948,1807175.837888299,0.018439983328670806
2025-12-18,0.0,2326864.900272917,-0.1462053872729948,1791945.9627661088,0.008427445079160933
2025-12-19,0.0,2326864.900272917,-0.1462053872729948,1846857.6242098885,-0.03064359226492308
2025-12-20,0.0,2326864.900272917,-0.1462053872729948,1851550.573993691,-0.002541045786250251
2025-12-21,0.0,2326864.900272917,-0.1462053872729948,1857794.1501572113,-0.003372079732098854
2025-12-22,0.0,2326864.900272917,-0.1462053872729948,1856996.4157480784,0.00042939870871350205
2025-12-23,0.0,2326864.900272917,-0.1462053872729948,1833217.5602151188,0.012805008847246668
2025-12-24,0.0,2326864.900272917,-0.1462053872729948,1837061.6468280791,-0.002096906933680698
2025-12-25,0.0,2326864.900272917,-0.1462053872729948,1827754.1167558809,0.00506653115766087
2025-12-26,0.0,2326864.900272917,-0.1462053872729948,1830777.6286522234,-0.0016542224518192317
2025-12-27,0.0,2326864.900272917,-0.1462053872729948,1841410.94427908,-0.005808086935541468
2025-12-28,0.0,2326864.900272917,-0.1462053872729948,1842997.1931567094,-0.0008614312207482211
2025-12-29,0.0,2326864.900272917,-0.1462053872729948,1828002.6360648463,0.008135963064696994
2025-12-30,0.0,2326864.900272917,-0.1462053872729948,1854161.2840024605,-0.014309961824741313
2025-12-31,0.0,2326864.900272917,-0.1462053872729948,1836616.7846923845,0.009462229344042727
