timestamp,ret,equity,drawdown,benchmark_equity,active_ret
2022-01-01,0.0,1000000.0,0.0,1000000.0,0.0
2022-01-02,0.0,1000000.0,0.0,990854.0284330396,0.009145971566960398
2022-01-03,0.0,1000000.0,0.0,973250.6472293554,0.01776586732106511
2022-01-04,0.0,1000000.0,0.0,960382.7532628636,0.013221562197902492
2022-01-05,0.0,1000000.0,0.0,910492.8163042075,0.0519479726069183
2022-01-06,0.0,1000000.0,0.0,902764.410610056,0.008488156694659077
2022-01-07,0.0,1000000.0,0.0,871001.0864861861,0.0351845107655554
2022-01-08,0.0,1000000.0,0.0,873374.3830235745,-0.002724791707163998
2022-01-09,0.0,1000000.0,0.0,877248.4344436027,-0.004435728245905768
2022-01-10,0.0,1000000.0,0.0,876365.6251276907,0.0010063390041520348
2022-01-11,0.0,1000000.0,0.0,895367.0846023847,-0.021682114096984728
2022-01-12,0.0,1000000.0,0.0,919954.361293851,-0.027460554575093665
2022-01-13,0.0,1000000.0,0.0,891822.0174277832,0.03058015163545902
2022-01-14,0.0,1000000.0,0.0,902296.0795345606,-0.011744565509816507
2022-01-15,0.0,1000000.0,0.0,902805.9003429188,-0.0005650260706233645
2022-01-16,0.0,1000000.0,0.0,902541.2461378402,0.0002931462953200681
2022-01-17,0.0,1000000.0,0.0,884310.070794476,0.020199825128634497
2022-01-18,0.0,1000000.0,0.0,887463.7095802517,-0.003566213808853691
2022-01-19,0.0,1000000.0,0.0,872960.9525036853,0.01634180296051302
2022-01-20,0.0,1000000.0,0.0,852444.4891471867,0.023502154704235556
2022-01-21,0.0,1000000.0,0.0,763689.9878778732,0.10411763158690412
2022-01-22,0.0,1000000.0,0.0,734900.9327855848,0.03769730590849685
2022-01-23,0.0,1000000.0,0.0,759483.1804185221,-0.033449743409305954
2022-01-24,0.0,1000000.0,0.0,768196.0243196884,-0.011472069593911227
2022-01-25,0.0,1000000.0,0.0,774439.8100273138,-0.008127854753159802
2022-01-26,0.0,1000000.0,0.0,771318.0219455537,0.004031027384361674
2022-01-27,0.0,1000000.0,0.0,778667.9909854122,-0.009529103211304513
2022-01-28,0.0,1000000.0,0.0,790328.2822726731,-0.01497466368497391
2022-01-29,0.0,1000000.0,0.0,799763.6342491455,-0.011938522495158699
2022-01-30,0.0,1000000.0,0.0,793789.9508933387,0.0074693110564038045
2022-01-31,0.0,1000000.0,0.0,806051.2146747927,-0.015446484007078931
2022-02-01,0.0,1000000.0,0.0,810822.3244098974,-0.005919114875386322
2022-02-02,0.0,1000000.0,0.0,773141.4747504591,0.046472388000493026
2022-02-03,0.0,1000000.0,0.0,781842.7937258302,-0.011254497733651725
2022-02-04,0.0,1000000.0,0.0,871163.9022560564,-0.11424433306415893
2022-02-05,0.0,1000000.0,0.0,867147.7799325895,0.004610065124446061
2022-02-06,0.0,1000000.0,0.0,888066.1488831823,-0.02412318803632174
2022-02-07,0.0,1000000.0,0.0,918641.1483855151,-0.03442874108058658
2022-02-08,0.0,1000000.0,0.0,922894.8937244684,-0.004630475508776266
2022-02-09,0.0,1000000.0,0.0,929804.1915107397,-0.007486548937753801
2022-02-10,0.0,1000000.0,0.0,911421.3062350898,0.01977070596528674
2022-02-11,0.0,1000000.0,0.0,887916.5343919502,0.025789140194926174
2022-02-12,0.0,1000000.0,0.0,884650.5799656977,0.003678222332563097
2022-02-13,0.0,1000000.0,0.0,881209.6562114636,0.0038895851448687013
2022-02-14,0.0,1000000.0,0.0,891315.549325111,-0.01146820514552127
2022-02-15,0.0,1000000.0,0.0,933411.28374053,-0.04722876701443535
2022-02-16,0.0,1000000.0,0.0,919344.5879472326,0.015070201141052064
2022-02-17,0.0,1000000.0,0.0,848982.6109824161,0.07653493356819008
2022-02-18,0.0,1000000.0,0.0,837640.8267353135,0.013359265667383102
2022-02-19,0.0,1000000.0,0.0,839835.3821508236,-0.0026199241315199018
2022-02-20,0.0,1000000.0,0.0,804374.6522877503,0.042223429277602254
2022-02-21,0.0,1000000.0,0.0,775484.1778484641,0.035916689265527824
2022-02-22,0.0,1000000.0,0.0,801094.0297741222,-0.03302433841617636
2022-02-23,0.0,1000000.0,0.0,780552.002036769,0.025642467642837508
2022-02-24,0.0,1000000.0,0.0,803124.0930669191,-0.02891811304211722
2022-02-25,0.0,1000000.0,0.0,821814.5890892482,-0.02327223922638777
2022-02-26,0.0,1000000.0,0.0,819667.8097297617,0.0026122429413982795
2022-02-27,0.0,1000000.0,0.0,789961.7896323865,0.03624153558887355
2022-02-28,0.0,1000000.0,0.0,904392.3587646538,-0.14485582800848928
2022-03-01,0.0,1000000.0,0.0,930820.0613335598,-0.029221501390175986
2022-03-02,0.0,1000000.0,0.0,919751.5225998559,0.011891169081429398
2022-03-03,0.0,1000000.0,0.0,889598.5449257327,0.032783830124999525
2022-03-04,0.0,1000000.0,0.0,820337.0936023046,0.07785697460781071
2022-03-05,0.0,1000000.0,0.0,825561.0281491077,-0.006368034052761873
2022-03-06,0.0,1000000.0,0.0,805085.4258931557,0.024802045588147248
2022-03-07,0.0,1000000.0,0.0,796016.1474687598,0.011264988947395915
2022-03-08,0.0,1000000.0,0.0,811577.521365641,-0.019549068126776703
2022-03-09,0.0,1000000.0,0.0,878863.8099518783,-0.08290802395933139
2022-03-10,0.0,1000000.0,0.0,826064.7721784101,0.0600764727999884
2022-03-11,0.0,1000000.0,0.0,811555.309690472,0.01756455786109279
2022-03-12,0.0,1000000.0,0.0,813185.353286123,-0.0020085428265792515
2022-03-13,0.0,1000000.0,0.0,791601.891345095,0.026541872469552308
2022-03-14,0.0,1000000.0,0.0,831290.1735339509,-0.05013666923081428
2022-03-15,0.0,1000000.0,0.0,823096.1608376736,0.00985698250400735
2022-03-16,0.0,1000000.0,0.0,861519.6348065331,-0.04668163429380545
2022-03-17,0.0,1000000.0,0.0,857410.4749002833,0.004769664834362919
2022-03-18,0.0,1000000.0,0.0,875004.0075310152,-0.020519381493185218
2022-03-19,0.0,1000000.0,0.0,884299.803133313,-0.010623717745622097
2022-03-20,0.0,1000000.0,0.0,864623.1925511261,0.022251062945470856
2022-03-21,0.0,1000000.0,0.0,859177.979429055,0.006297787485904149
2022-03-22,0.0,1000000.0,0.0,887715.3720507976,-0.03321476260449119
2022-03-23,0.0,1000000.0,0.0,898582.9579874546,-0.012242196405308103
2022-03-24,0.0,1000000.0,0.0,921815.1129495114,-0.025854212741903693
2022-03-25,0.0,1000000.0,0.0,928556.1468191729,-0.007312782981060417
2022-03-26,0.0,1000000.0,0.0,932707.4250906016,-0.004470680944441696
2022-03-27,0.0,1000000.0,0.0,981248.1075547984,-0.05204277478490282
2022-03-28,0.0,1000000.0,0.0,987418.1337373343,-0.00628793689896745
2022-03-29,0.0,1000000.0,0.0,993968.2729270064,-0.006633602286480356
2022-03-30,0.0,1000000.0,0.0,986281.9855980336,0.007732930253737891
2022-03-31,0.0,1000000.0,0.0,953642.3480255182,0.033093616277219406
2022-04-01,0.0,1000000.0,0.0,969843.2505319802,-0.016988447021050623
2022-04-02,0.0,1000000.0,0.0,959942.5010974874,0.010208607864272912
2022-04-03,0.0,1000000.0,0.0,972438.6638210578,-0.013017615856453668
2022-04-04,0.0,1000000.0,0.0,976067.1295495955,-0.003731305493634096
2022-04-05,0.0,1000000.0,0.0,953374.3411147539,0.023249208735584892
2022-04-06,0.0,1000000.0,0.0,904611.7514429733,0.05114736947374088
2022-04-07,0.0,1000000.0,0.0,910347.3926950832,-0.006340445216371338
2022-04-08,0.0,1000000.0,0.0,885365.9635414212,0.0274416440955626
2022-04-09,0.0,1000000.0,0.0,895884.2394544312,-0.011880144873581244
2022-04-10,0.0,1000000.0,0.0,883413.8506558208,0.013919643017946681
2022-04-11,0.0,1000000.0,0.0,828337.2780011169,0.06234515410168928
2022-04-12,0.0,1000000.0,0.0,839746.7449942534,-0.01377393882437472
2022-04-13,0.0,1000000.0,0.0,862227.684338569,-0.026771094354726355
2022-04-14,0.0,1000000.0,0.0,836969.0283335063,0.02929464741605814
2022-04-15,0.0,1000000.0,0.0,849741.1606438454,-0.015259982004077077
2022-04-16,0.0,1000000.0,0.0,846112.0662829916,0.004270823315307148
2022-04-17,0.0,1000000.0,0.0,831431.6158050739,0.01735047999304573
2022-04-18,0.0,1000000.0,0.0,854963.6283819109,-0.028303004275403998
2022-04-19,0.0,1000000.0,0.0,869465.1281938452,-0.016961540035778544
2022-04-20,0.0,1000000.0,0.0,866636.4923154939,0.0032533057239767516
2022-04-21,0.0,1000000.0,0.0,848234.7480703609,0.021233521099448538
2022-04-22,0.0,1000000.0,0.0,832082.459796344,0.01904223837889374
2022-04-23,0.0,1000000.0,0.0,826475.4786249297,0.00673849220759537
2022-04-24,0.0,1000000.0,0.0,826654.2197468077,-0.00021626911687144812
2022-04-25,0.0,1000000.0,0.0,847104.6767101156,-0.024738828490552534
2022-04-26,0.0,1000000.0,0.0,798628.1147421611,0.057226176765098224
2022-04-27,0.0,1000000.0,0.0,822161.3845836304,-0.029467119184837465
2022-04-28,0.0,1000000.0,0.0,832771.6503588964,-0.012905332182001406
2022-04-29,0.0,1000000.0,0.0,808758.7340602415,0.028834934868767537
2022-04-30,0.0,1000000.0,0.0,788531.2320250444,0.025010551581493567
2022-05-01,0.0,1000000.0,0.0,806081.5985700707,-0.022257034131615505
2022-05-02,0.0,1000000.0,0.0,807272.0186326616,-0.0014767984589929561
2022-05-03,0.0,1000000.0,0.0,790587.9074192229,0.02066727302365534
2022-05-04,0.0,1000000.0,0.0,831680.5542022495,-0.0519773277549469
2022-05-05,0.0,1000000.0,0.0,765945.939716256,0.07903829680020158
2022-05-06,0.0,1000000.0,0.0,754647.3215548588,0.014751195320106825
2022-05-07,0.0,1000000.0,0.0,743303.0227784917,0.015032583370194197
2022-05-08,0.0,1000000.0,0.0,713254.6076129467,0.040425525317014155
2022-05-09,0.0,1000000.0,0.0,630231.3471695305,0.11640059462254393
2022-05-10,0.0,1000000.0,0.0,649945.0470583672,-0.031280100517649734
2022-05-11,0.0,1000000.0,0.0,609855.9069959441,0.061680814776365334
2022-05-12,0.0,1000000.0,0.0,608301.2992782252,0.002549139394872224
2022-05-13,0.0,1000000.0,0.0,613692.8691093222,-0.00886332124803002
2022-05-14,0.0,1000000.0,0.0,630449.9016714285,-0.02730524241943111
2022-05-15,0.0,1000000.0,0.0,656478.42271961,-0.04128562948328729
2022-05-16,0.0,1000000.0,0.0,625992.2699179528,0.04643892586044385
2022-05-17,0.0,1000000.0,0.0,637955.5619815747,-0.019110926186340693
2022-05-18,0.0,1000000.0,0.0,601712.6039731657,0.05681110122440747
2022-05-19,0.0,1000000.0,0.0,635321.5925771095,-0.0558555502776914
2022-05-20,0.0,1000000.0,0.0,611889.9516267432,0.03688154349566264
2022-05-21,0.0,1000000.0,0.0,617003.8755182287,-0.008357587631386831
2022-05-22,0.0,1000000.0,0.0,634791.655534636,-0.0288292840972304
2022-05-23,0.0,1000000.0,0.0,609965.0794748405,0.03910980215845139
2022-05-24,0.0,1000000.0,0.0,621394.2436138814,-0.018737407310072562
2022-05-25,0.0,1000000.0,0.0,619038.3392372385,0.0037913199242747275
2022-05-26,0.0,1000000.0,0.0,611897.0761263258,0.011536059494654305
2022-05-27,0.0,1000000.0,0.0,599920.5827840657,0.019572725233593657
2022-05-28,0.0,1000000.0,0.0,608334.4072468732,-0.01402489713515287
2022-05-29,0.0,1000000.0,0.0,617486.6651369946,-0.015044780931497082
2022-05-30,0.0,1000000.0,0.0,664971.8739424569,-0.07690078423787083
2022-05-31,0.0,1000000.0,0.0,666372.0476545203,-0.002105613435591014
2022-06-01,0.0,1000000.0,0.0,624563.5982075596,0.06274040094286226
2022-06-02,0.0,1000000.0,0.0,638116.7013986019,-0.02170011705763586
2022-06-03,0.0,1000000.0,0.0,622350.3933666715,0.02470756210795655
2022-06-04,0.0,1000000.0,0.0,625783.3544449017,-0.005516122613274499
2022-06-05,0.0,1000000.0,0.0,626939.4092742123,-0.001847372291223781
2022-06-06,0.0,1000000.0,0.0,657404.817209438,-0.048593863273796334
2022-06-07,0.0,1000000.0,0.0,652212.942910756,0.007897530049628454
2022-06-08,0.0,1000000.0,0.0,632923.1507470768,0.0295759113236711
2022-06-09,0.0,1000000.0,0.0,630935.8344517747,0.00313990141292253
2022-06-10,0.0,1000000.0,0.0,609603.1968048713,0.03381110484149241
2022-06-11,0.0,1000000.0,0.0,595622.8331829853,0.02293354709286577
2022-06-12,0.0,1000000.0,0.0,556853.6114402697,0.06509022082906779
2022-06-13,0.0,1000000.0,0.0,471210.421047448,0.153798392671479
2022-06-14,0.0,1000000.0,0.0,463855.42294906074,0.015608733953799026
2022-06-15,0.0,1000000.0,0.0,473228.5403262391,-0.02020698026464096
2022-06-16,0.0,1000000.0,0.0,427497.42522680515,0.09663642659402438
2022-06-17,0.0,1000000.0,0.0,428911.8479380335,-0.0033086110646816103
2022-06-18,0.0,1000000.0,0.0,397521.7218658225,0.07318549539518904
2022-06-19,0.0,1000000.0,0.0,431116.0423823906,-0.08450939576053496
2022-06-20,0.0,1000000.0,0.0,431113.7373972315,5.346553903051721e-06
2022-06-21,0.0,1000000.0,0.0,434249.14584584034,-0.007272810343595726
2022-06-22,0.0,1000000.0,0.0,418836.54826376983,0.035492522505829016
2022-06-23,0.0,1000000.0,0.0,442350.33050344005,-0.056140712497855016
2022-06-24,0.0,1000000.0,0.0,445023.27511150355,-0.006042596611200324
2022-06-25,0.0,1000000.0,0.0,450335.21818256093,-0.011936326408380493
2022-06-26,0.0,1000000.0,0.0,440840.3556801643,0.021083988369187567
2022-06-27,0.0,1000000.0,0.0,434648.11782245943,0.014046440571782393
2022-06-28,0.0,1000000.0,0.0,424982.4768741886,0.022237852994037355
2022-06-29,0.0,1000000.0,0.0,421665.81277443713,0.007804237304431916
2022-06-30,0.0,1000000.0,0.0,417877.25534939894,0.008984739360562877
2022-07-01,0.0,1000000.0,0.0,403996.8442657731,0.03321647901611702
2022-07-02,0.0,1000000.0,0.0,403431.2847253872,0.00139991078745616
2022-07-03,0.0,1000000.0,0.0,404751.8316774111,-0.003273288418677689
2022-07-04,0.0,1000000.0,0.0,424048.3292524619,-0.04767488634969341
2022-07-05,0.0,1000000.0,0.0,422772.62473898666,0.003008394151025384
2022-07-06,0.0,1000000.0,0.0,430917.18502639735,-0.019264634961733806
2022-07-07,0.0,1000000.0,0.0,453138.70876826835,-0.051567968310453294
2022-07-08,0.0,1000000.0,0.0,452505.25693774346,0.001397920368018779
2022-07-09,0.0,1000000.0,0.0,452444.0700589763,0.00013521805068350545
2022-07-10,0.0,1000000.0,0.0,437160.7611899173,0.0337794434283708
2022-07-11,0.0,1000000.0,0.0,418325.6797348849,0.04308502301021888
2022-07-12,0.0,1000000.0,0.0,405022.56266154547,0.0318008616678046
2022-07-13,0.0,1000000.0,0.0,424009.7731370743,-0.046879389510444236
2022-07-14,0.0,1000000.0,0.0,431427.00583475566,-0.01749307013091772
2022-07-15,0.0,1000000.0,0.0,436481.2096562115,-0.011715084482661453
2022-07-16,0.0,1000000.0,0.0,444141.3039720133,-0.017549654249343627
2022-07-17,0.0,1000000.0,0.0,435813.18304830097,0.018751061541074532
2022-07-18,0.0,1000000.0,0.0,470061.49071772,-0.07858483635090807
2022-07-19,0.0,1000000.0,0.0,490262.3806515354,-0.04297499440545827
2022-07-20,0.0,1000000.0,0.0,486630.5622173119,0.007407907637940858
2022-07-21,0.0,1000000.0,0.0,485140.49408404605,0.003062010997575748
2022-07-22,0.0,1000000.0,0.0,475347.2407756066,0.020186427288303888
2022-07-23,0.0,1000000.0,0.0,470448.93776854384,0.010304683790885893
2022-07-24,0.0,1000000.0,0.0,473143.8845076709,-0.00572845748554518
2022-07-25,0.0,1000000.0,0.0,446557.34750689665,0.056191230345159826
2022-07-26,0.0,1000000.0,0.0,445379.081002417,0.0026385558563929434
2022-07-27,0.0,1000000.0,0.0,480955.06012344244,-0.07987797505207106
2022-07-28,0.0,1000000.0,0.0,499614.543618177,-0.038796729760875115
2022-07-29,0.0,1000000.0,0.0,498164.917497247,0.0029014890367921042
2022-07-30,0.0,1000000.0,0.0,495435.8150689451,0.005478311162521732
2022-07-31,0.0,1000000.0,0.0,488097.7900430926,0.014811252643960215
2022-08-01,0.0,1000000.0,0.0,487567.4339124083,0.0010865776110919878
2022-08-02,0.0,1000000.0,0.0,481695.58899180987,0.012043144213879864
2022-08-03,0.0,1000000.0,0.0,478145.4927586794,0.007369999464933441
2022-08-04,0.0,1000000.0,0.0,474051.2104839105,0.008562837748708585
2022-08-05,0.0,1000000.0,0.0,488498.01928434375,-0.030475207068211052
2022-08-06,0.0,1000000.0,0.0,480991.93988598685,0.01536562913674333
2022-08-07,0.0,1000000.0,0.0,485605.6819979609,-0.009592140178206865
2022-08-08,0.0,1000000.0,0.0,498924.5148792028,-0.027427259142527527
2022-08-09,0.0,1000000.0,0.0,485093.55620444356,0.027721545569088568
2022-08-10,0.0,1000000.0,0.0,501942.99771701667,-0.034734416273037194
2022-08-11,0.0,1000000.0,0.0,501531.0340058649,0.0008207380380352847
2022-08-12,0.0,1000000.0,0.0,511364.72932664026,-0.019607351597429545
2022-08-13,0.0,1000000.0,0.0,512154.7106038744,-0.0015448489735974125
2022-08-14,0.0,1000000.0,0.0,509301.97715340595,0.005570061919580649
2022-08-15,0.0,1000000.0,0.0,504892.7500882702,0.008657392397688812
2022-08-16,0.0,1000000.0,0.0,499862.0152066155,0.009963967358959214
2022-08-17,0.0,1000000.0,0.0,489131.68065897404,0.021466593222143726
2022-08-18,0.0,1000000.0,0.0,485957.92563908314,0.006488549291297496
2022-08-19,0.0,1000000.0,0.0,436572.36134204594,0.10162518541515753
2022-08-20,0.0,1000000.0,0.0,442977.70555490925,-0.014671895841442906
2022-08-21,0.0,1000000.0,0.0,450846.9248878675,-0.017764368802941632
2022-08-22,0.0,1000000.0,0.0,448420.82323592657,0.0053812092708502846
2022-08-23,0.0,1000000.0,0.0,451130.0189742185,-0.006041636779357429
2022-08-24,0.0,1000000.0,0.0,447755.52070138586,0.0074801013696795815
2022-08-25,0.0,1000000.0,0.0,451756.97493747703,-0.008936694359062525
2022-08-26,0.0,1000000.0,0.0,424139.27139419096,0.061133983702428396
2022-08-27,0.0,1000000.0,0.0,419876.0965704961,0.010051356031431258
2022-08-28,0.0,1000000.0,0.0,409776.2802359045,0.024054277957439862
2022-08-29,0.0,1000000.0,0.0,425075.5144569714,-0.03733557787253883
2022-08-30,0.0,1000000.0,0.0,415141.65705383057,0.02336962978408963
2022-08-31,0.0,1000000.0,0.0,420136.3503493621,-0.012031298740236895
2022-09-01,0.0,1000000.0,0.0,421842.8775434722,-0.004061841334821459
2022-09-02,0.0,1000000.0,0.0,418079.4654110781,0.00892135990136822
2022-09-03,0.0,1000000.0,0.0,415565.7743230937,0.006012472020152426
2022-09-04,0.0,1000000.0,0.0,419094.4970574766,-0.00849136996455191
2022-09-05,0.0,1000000.0,0.0,414831.1126896764,0.010172847407288854
2022-09-06,0.0,1000000.0,0.0,393746.15617531695,0.05082780888262972
2022-09-07,0.0,1000000.0,0.0,404270.0897791717,-0.026727711340930327
2022-09-08,0.0,1000000.0,0.0,404834.3920549254,-0.0013958546279344564
2022-09-09,0.0,1000000.0,0.0,447588.514049408,-0.10560891770450676
2022-09-10,0.0,1000000.0,0.0,453628.20379840565,-0.013493844366906371
2022-09-11,0.0,1000000.0,0.0,457369.1947115254,-0.008246821696259232
2022-09-12,0.0,1000000.0,0.0,469289.530233547,-0.02606282989727804
2022-09-13,0.0,1000000.0,0.0,422725.26777117327,0.0992228879242214
2022-09-14,0.0,1000000.0,0.0,423838.7851470943,-0.0026341396193136912
2022-09-15,0.0,1000000.0,0.0,412841.28186510975,0.02594737354715615
2022-09-16,0.0,1000000.0,0.0,414966.4781817434,-0.005147732094602064
2022-09-17,0.0,1000000.0,0.0,421469.0508594971,-0.015670115586796207
2022-09-18,0.0,1000000.0,0.0,406854.6067747701,0.03467501126102601
2022-09-19,0.0,1000000.0,0.0,409386.73774402676,-0.006223675305853105
2022-09-20,0.0,1000000.0,0.0,395514.4988805102,0.03388541343562124
2022-09-21,0.0,1000000.0,0.0,386846.91650610307,0.021914701986754936
2022-09-22,0.0,1000000.0,0.0,406549.7201014608,-0.050931784007245406
2022-09-23,0.0,1000000.0,0.0,404208.69335629896,0.00575827907242854
2022-09-24,0.0,1000000.0,0.0,396467.92455993075,0.019150426310957425
2022-09-25,0.0,1000000.0,0.0,394097.5616400175,0.005978700351470523
2022-09-26,0.0,1000000.0,0.0,402907.6340060743,-0.022355054239346472
2022-09-27,0.0,1000000.0,0.0,399791.92270337004,0.007733065942992945
2022-09-28,0.0,1000000.0,0.0,406784.1999553667,-0.017489791201171112
2022-09-29,0.0,1000000.0,0.0,410528.54357417254,-0.009204742020994416
2022-09-30,0.0,1000000.0,0.0,406989.3436345213,0.008621081274490683
2022-10-01,0.0,1000000.0,0.0,404649.5741539916,0.005748969886127497
2022-10-02,0.0,1000000.0,0.0,399324.01071608526,0.01316092683166814
2022-10-03,0.0,1000000.0,0.0,411315.80077803705,-0.03003022543134226
2022-10-04,0.0,1000000.0,0.0,426167.0297018289,-0.03610663362725086
2022-10-05,0.0,1000000.0,0.0,422404.45574585616,0.00882887153097045
2022-10-06,0.0,1000000.0,0.0,418264.07376790646,0.00980193727037948
2022-10-07,0.0,1000000.0,0.0,409241.5236790075,0.02157142019781888
2022-10-08,0.0,1000000.0,0.0,406891.90562552545,0.005741396993050318
2022-10-09,0.0,1000000.0,0.0,407333.20551142877,-0.0010845629510001231
2022-10-10,0.0,1000000.0,0.0,400897.0583150765,0.015800693656367493
2022-10-11,0.0,1000000.0,0.0,399391.0648298027,0.003756559081783406
2022-10-12,0.0,1000000.0,0.0,401392.8396683752,-0.005012067156348277
2022-10-13,0.0,1000000.0,0.0,405994.42822223797,-0.011464052417239357
2022-10-14,0.0,1000000.0,0.0,401841.2640538609,0.010229608781979871
2022-10-15,0.0,1000000.0,0.0,399587.82674474246,0.005607779764540077
2022-10-16,0.0,1000000.0,0.0,403644.3910805453,-0.010151871664484391
2022-10-17,0.0,1000000.0,0.0,409655.7923753184,-0.01489281513036933
2022-10-18,0.0,1000000.0,0.0,404995.112383742,0.011377063569764756
2022-10-19,0.0,1000000.0,0.0,400731.5184718365,0.01052751942316199
2022-10-20,0.0,1000000.0,0.0,399012.20908729895,0.004290427144573172
2022-10-21,0.0,1000000.0,0.0,401578.07665751985,-0.006430549020266962
2022-10-22,0.0,1000000.0,0.0,402415.8339907777,-0.002086163020229792
2022-10-23,0.0,1000000.0,0.0,410086.1959677426,-0.019060785707404992
2022-10-24,0.0,1000000.0,0.0,405042.88843976584,0.012298164575072601
2022-10-25,0.0,1000000.0,0.0,420766.03038599045,-0.03881846193323013
2022-10-26,0.0,1000000.0,0.0,435256.42436034017,-0.03443812695872084
2022-10-27,0.0,1000000.0,0.0,425272.0668278059,0.022939023926430213
2022-10-28,0.0,1000000.0,0.0,431489.8690663655,-0.014620763326732344
2022-10-29,0.0,1000000.0,0.0,436054.3683135783,-0.010578462148112866
2022-10-30,0.0,1000000.0,0.0,432236.68425789406,0.008755064352293895
2022-10-31,0.0,1000000.0,0.0,429371.3781611036,0.006629021092251608
2022-11-01,0.0,1000000.0,0.0,429222.18275808217,0.000347474029732564
2022-11-02,0.0,1000000.0,0.0,422269.9284302107,0.01619733230747289
2022-11-03,0.0,1000000.0,0.0,423442.95633205597,-0.0027779101064715483
2022-11-04,0.0,1000000.0,0.0,443154.77032394457,-0.04655128559141963
2022-11-05,0.0,1000000.0,0.0,446315.74315340817,-0.007132886840308439
2022-11-06,0.0,1000000.0,0.0,438064.1058281549,0.018488340265463088
2022-11-07,0.0,1000000.0,0.0,431474.9914348846,0.015041438697228293
2022-11-08,0.0,1000000.0,0.0,388646.27173889114,0.09926118673428808
2022-11-09,0.0,1000000.0,0.0,333653.0976381235,0.14149929666047167
2022-11-10,0.0,1000000.0,0.0,368821.7230183151,-0.10540476209915228
2022-11-11,0.0,1000000.0,0.0,357698.2837290049,0.03015939299420778
2022-11-12,0.0,1000000.0,0.0,352287.2262961088,0.015127434709738652
2022-11-13,0.0,1000000.0,0.0,342182.38090298837,0.028683541834204962
2022-11-14,0.0,1000000.0,0.0,348250.9877385266,-0.017735006751439686
2022-11-15,0.0,1000000.0,0.0,354141.4820845028,-0.016914508654312543
2022-11-16,0.0,1000000.0,0.0,349158.31371476635,0.014071123044962497
2022-11-17,0.0,1000000.0,0.0,349782.75514876057,-0.0017884192054620218
2022-11-18,0.0,1000000.0,0.0,349948.0854478952,-0.00047266566662029774
2022-11-19,0.0,1000000.0,0.0,349952.90496231866,-1.3772083985674755e-05
2022-11-20,0.0,1000000.0,0.0,341142.6230521565,0.025175621591456254
2022-11-21,0.0,1000000.0,0.0,330687.62945896754,0.03064698717401404
2022-11-22,0.0,1000000.0,0.0,340025.9625146549,-0.028239136344367255
2022-11-23,0.0,1000000.0,0.0,347908.3831262513,-0.023181819862524877
2022-11-24,0.0,1000000.0,0.0,347821.21277841856,0.00025055546822250196
2022-11-25,0.0,1000000.0,0.0,346211.70450509334,0.004627401130794517
2022-11-26,0.0,1000000.0,0.0,344879.6326272744,0.0038475645406708114
2022-11-27,0.0,1000000.0,0.0,344255.4007373856,0.0018099992891241756
2022-11-28,0.0,1000000.0,0.0,339731.9721348248,0.013139746225830473
2022-11-29,0.0,1000000.0,0.0,344543.52388226544,-0.014162787556336154
2022-11-30,0.0,1000000.0,0.0,359653.9588643966,-0.0438563894972368
2022-12-01,0.0,1000000.0,0.0,355750.7808137226,0.010852593039704872
2022-12-02,0.0,1000000.0,0.0,358168.2911573435,-0.0067955166200655
2022-12-03,0.0,1000000.0,0.0,353819.4127945535,0.01214199712860553
2022-12-04,0.0,1000000.0,0.0,358439.8603178993,-0.013058773363655796
2022-12-05,0.0,1000000.0,0.0,355519.86320960795,0.00814640733790506
2022-12-06,0.0,1000000.0,0.0,358089.08348551474,-0.007226657471996134
2022-12-07,0.0,1000000.0,0.0,352801.86661889055,0.014765088103664614
2022-12-08,0.0,1000000.0,0.0,360920.86252544646,-0.023012905187733468
2022-12-09,0.0,1000000.0,0.0,358918.8781427687,0.005546879082216072
2022-12-10,0.0,1000000.0,0.0,358896.45692349435,6.246876561721848e-05
2022-12-11,0.0,1000000.0,0.0,358007.1517403161,0.0024778878866665854
2022-12-12,0.0,1000000.0,0.0,360621.8430870875,-0.0073034612131659404
2022-12-13,0.0,1000000.0,0.0,372458.3609669621,-0.03282252061757718
2022-12-14,0.0,1000000.0,0.0,373054.51394673175,-0.0016005896020749866
2022-12-15,0.0,1000000.0,0.0,363691.8737748217,0.025097244027040277
2022-12-16,0.0,1000000.0,0.0,348516.2705759214,0.041726539120575
2022-12-17,0.0,1000000.0,0.0,351542.08745742316,-0.008681996041394635
2022-12-18,0.0,1000000.0,0.0,350739.3239897615,0.0022835486739801736
2022-12-19,0.0,1000000.0,0.0,344467.0402838065,0.017883035282745152
2022-12-20,0.0,1000000.0,0.0,354036.50048771384,-0.027780481395326184
2022-12-21,0.0,1000000.0,0.0,352551.042324766,0.004195776878659463
2022-12-22,0.0,1000000.0,0.0,352483.15003462706,0.0001925743565845961
2022-12-23,0.0,1000000.0,0.0,351583.57719028584,0.0025521016940890373
2022-12-24,0.0,1000000.0,0.0,352790.9703254114,-0.003434156807819555
2022-12-25,0.0,1000000.0,0.0,352706.94313915924,0.00023817839264617113
2022-12-26,0.0,1000000.0,0.0,354535.84409080376,-0.005185327329728651
2022-12-27,0.0,1000000.0,0.0,350071.9260141672,0.012590879458420079
2022-12-28,0.0,1000000.0,0.0,346739.12701830256,0.00952032639066791
2022-12-29,0.0,1000000.0,0.0,348544.55903014605,-0.00520688861210683
2022-12-30,0.0,1000000.0,0.0,347999.95390029676,0.0015625122118235746
2022-12-31,0.0,1000000.0,0.0,346636.2408625673,0.003918716144773238
2023-01-01,0.0,1000000.0,0.0,348194.20128597214,-0.004494511074571994
2023-01-02,0.0,1000000.0,0.0,349370.16280529264,-0.003377315058600505
2023-01-03,0.0,1000000.0,0.0,349418.5674936325,-0.0001385484322735664
2023-01-04,0.0,1000000.0,0.0,353089.3611314544,-0.01050543382440261
2023-01-05,0.0,1000000.0,0.0,352701.4949924197,0.0010984928511914571
2023-01-06,0.0,1000000.0,0.0,355190.8789641816,-0.007058047689350921
2023-01-07,0.0,1000000.0,0.0,355042.5217375815,0.00041768309769840695
2023-01-08,0.0,1000000.0,0.0,358903.58142307686,-0.010874921873017529
2023-01-09,0.0,1000000.0,0.0,359960.31234644336,-0.0029443309514396443
2023-01-10,0.0,1000000.0,0.0,365458.7496712776,-0.015275120995956515
2023-01-11,0.0,1000000.0,0.0,375990.43640703097,-0.02881771676071887
2023-01-12,0.0,1000000.0,0.0,394919.81270947855,-0.05034536644957499
2023-01-13,0.0,1000000.0,0.0,417621.61154085107,-0.05748457813655716
2023-01-14,0.0,1000000.0,0.0,439097.9964440364,-0.0514254634092004
2023-01-15,0.0,1000000.0,0.0,437349.9795170636,0.003980926674976515
2023-01-16,0.0,1000000.0,0.0,443932.8075871729,-0.0150516254222266
2023-01-17,0.0,1000000.0,0.0,442867.4853554863,0.0023997375582056613
2023-01-18,0.0,1000000.0,0.0,433284.19524062466,0.02163918199406567
2023-01-19,0.0,1000000.0,0.0,441542.7475213551,-0.019060358931726196
2023-01-20,0.0,1000000.0,0.0,474978.0240619495,-0.07572375886205074
2023-01-21,0.0,1000000.0,0.0,477415.8601837911,-0.0051325240292035
2023-01-22,0.0,1000000.0,0.0,475830.2399384778,0.003321255906125198
2023-01-23,0.0,1000000.0,0.0,480200.70134412055,-0.009184917306239049
2023-01-24,0.0,1000000.0,0.0,474258.86869232944,0.012373644259909389
2023-01-25,0.0,1000000.0,0.0,483228.4041225706,-0.01891274158978362
2023-01-26,0.0,1000000.0,0.0,482153.6524061425,0.002224107083232396
2023-01-27,0.0,1000000.0,0.0,483505.421429866,-0.0028036063130034705
2023-01-28,0.0,1000000.0,0.0,482425.01202259294,0.0022345342148967218
2023-01-29,0.0,1000000.0,0.0,497505.9012858673,-0.03126058742279336
2023-01-30,0.0,1000000.0,0.0,478308.5180726552,0.03858724723383988
2023-01-31,0.0,1000000.0,0.0,484573.4677349224,-0.01309813525276926
2023-02-01,0.0,1000000.0,0.0,497303.90076829336,-0.026271419879585478
2023-02-02,0.0,1000000.0,0.0,492196.8918322849,0.010269392474337113
2023-02-03,0.0,1000000.0,0.0,491001.65225527075,0.002428376929737852
2023-02-04,0.0,1000000.0,0.0,488800.1818842834,0.004483631288969336
2023-02-05,0.0,1000000.0,0.0,480545.6109415549,0.016887413811729313
2023-02-06,0.0,1000000.0,0.0,476975.1889302039,0.007429933663019583
2023-02-07,0.0,1000000.0,0.0,486990.1399021218,-0.020996796488262248
2023-02-08,-0.013107920497018921,986892.079502981,-0.013107920497018961,481176.1291546047,-0.00116925835349857
2023-02-09,-0.050905653672039586,936653.6930921234,-0.06334630690787663,456729.66610194516,-0.00010000981017477262
2023-02-10,-0.00795353891080941,929203.9814981618,-0.0707960185018382,453143.10919448093,-0.00010084797861209527
2023-02-11,0.01087833028791474,939312.1693137442,-0.06068783068625582,458116.8480794758,-9.775824587388016e-05
2023-02-12,-0.0037150807287613663,935822.5487752357,-0.06417745122476434,456461.2401029699,-0.00010113816487933303
2023-02-13,-0.0005395511321235613,935317.6246595773,-0.06468237534042273,456260.70639413357,-0.00010022859776970261
2023-02-14,0.019468503821775007,953526.8594098358,-0.046473140590164226,465184.56120940467,-9.01710546943324e-05
2023-02-15,0.09564260487230225,1044724.652059498,0.0,509696.12961560173,-4.321989039879348e-05
2023-02-16,-0.033270572879050775,1009966.0643846116,-0.03327057287905074,492799.9597675318,-0.00012107680417849931
2023-02-17,0.044676728100295104,1055088.043633648,0.0,514849.238254791,-6.612962570895498e-05
2023-02-18,0.002424573618160064,1057646.1822690782,0.0,516147.99261985667,-9.801798451580801e-05
2023-02-19,-0.014736435003183446,1042060.2480477048,-0.014736435003183466,508600.42348863697,-0.00011355699311921263
2023-02-20,0.023426432787465368,1066472.0024090838,0.0,520553.6574352012,-7.577718824314239e-05
2023-02-21,-0.015818245501666772,1049602.2864543227,-0.01581824550166675,512380.59914946056,-0.00011754266536401214
2023-02-22,-0.011153627437434643,1037895.4135937317,-0.0267954421220619,506723.9560250741,-0.000113702948146166
2023-02-23,-0.01012136809932529,1027390.4920641481,-0.03664560368828564,501652.7791310835,-0.0001135979244736296
2023-02-24,-0.031679323095944234,994843.4567203468,-0.06716401886494273,485834.0850728114,-0.00014616965528790882
2023-02-25,-0.0013192821898786455,993530.9774661784,-0.06839469276093219,485242.75160746527,-0.00010213114281387714
2023-02-26,0.0171067160096543,1010527.0297444866,-0.05245798533690667,493577.99703076005,-7.075937907141672e-05
2023-02-27,-0.002769357048948984,1007728.5195915102,-0.055082067494389236,492262.8982254758,-0.00010493761940477686
2023-02-28,-0.015049135047449202,992563.0770090115,-0.06930226506942262,484917.9582441462,-0.00012836809993621578
2023-03-01,0.021003966328332346,1013410.8384572547,-0.04975392118308564,495131.1379397414,-5.7698891443136446e-05
2023-03-02,-0.007040409782891555,1006276.0108760919,-0.056444042972542595,491701.9486554078,-0.00011458948687348425
2023-03-03,-0.047549567069220644,958428.0222067913,-0.10130972023478238,468422.0176373273,-0.00020395234928505257
2023-03-04,-0.0004486701413339844,957998.0041706094,-0.10171293572962008,468259.2018674571,-0.00010108662958641101
2023-03-05,0.0036533238307903115,961497.8811090955,-0.09843120219083036,470012.4573970641,-9.087494333925861e-05
2023-03-06,-0.0010049669089572388,960531.6075555484,-0.09933724899877688,469588.34012780094,-0.00010261365727548544
2023-03-07,-0.00958767919961745,951322.338641213,-0.10797251452242151,465145.1669175957,-0.00012583181005920707
2023-03-08,-0.022350661526031268,930059.6550480907,-0.12790991892224768,454824.70064005244,-0.00016303707765852327
2023-03-09,-0.06216968565466763,872238.1386536623,-0.1821274851254052,426678.3173189251,-0.00028566026748366724
2023-03-10,-0.010522984794985035,863059.5899830038,-0.19073394516366668,422245.83085809357,-0.00013462831911936757
2023-03-11,0.015089620780133428,876082.8319065048,-0.1785224272859517,428637.7642482134,-4.832238707330738e-05
2023-03-12,0.07551422870874935,942239.5512429014,-0.11648918198091483,460936.4735612964,0.00016223687076544202
2023-03-13,0.09643165624624439,1033101.2717499725,-0.03129077048786016,505283.7593888856,0.00022038121966150293
2023-03-14,0.02306822133977149,1056933.0805531002,-0.008944371567594664,516953.89924909873,-2.7988746868823355e-05
2023-03-15,-0.015745203703974142,1040291.4538983228,-0.024548744319232964,508891.68979509734,-0.00014959746962295295
2023-03-16,0.029360735981498687,1070835.1766200408,0.0,523834.69903704006,-3.094361180844274e-06
2023-03-17,0.09607608935479095,1173716.8327332411,0.0,574048.800726699,0.0002174114513091574
2023-03-18,-0.017956027574377087,1152641.5409201726,-0.017956027574377035,563830.5919725748,-0.00015578351640033183
2023-03-19,0.039623510188247835,1198313.2447602206,0.0,586155.001870181,2.93302777472082e-05
2023-03-20,-0.009276750242424359,1187196.792076391,-0.009276750242424364,580793.6063902569,-0.00013003058155292013
2023-03-21,0.013962219874703141,1203772.6947219037,0.0,588933.5567073496,-5.300038173872146e-05
2023-03-22,-0.03060799326306407,1166927.6281915952,-0.030607993263064025,571028.012903726,-0.0002046589655055886
2023-03-23,0.03836594301489926,1211697.9070773055,0.0,592913.6374446934,3.923391059945658e-05
2023-03-24,-0.029927515733210175,1175434.7988993516,-0.029927515733210147,575292.2354479478,-0.00020750107358880054
2023-03-25,0.00020966274544687025,1175681.2437863827,-0.029724127672876244,575469.9288492991,-9.921227563336465e-05
2023-03-26,0.018363726606182018,1197271.1327232919,-0.011906246820886186,586054.0016113942,-2.832523092943795e-05
2023-03-27,-0.030365930162273402,1160914.8811217104,-0.041910632723701775,568386.4999114677,-0.0002193879471386051
2023-03-28,0.0049402650106142865,1166650.1082892173,-0.03717741734550518,571239.6524501469,-7.947514704897962e-05
2023-03-29,0.03996239758275255,1213272.2437566323,0.0,594028.2025411413,6.924591996027019e-05
2023-03-30,-0.011438201332916842,1199394.5915609042,-0.011438201332916868,587321.3243606548,-0.00014769668718483953
2023-03-31,0.01555233360431818,1218047.9763720743,0.0,596474.8395154084,-3.285762761584543e-05
2023-04-01,-0.0005460826673133745,1217382.8214842214,-0.0005460826673134049,596210.1853103297,-0.00010238548589702745
2023-04-02,-0.010015709284880159,1205189.8690558283,-0.010556322546952195,590324.9295669876,-0.00014460025597495818
2023-04-03,-0.013361485117830862,1189086.7425562784,-0.023776759518172912,582532.6129206992,-0.00016143840456694925
2023-04-04,0.013108794265211499,1204674.236027939,-0.010979649901778646,590190.8213395526,-3.760861248647274e-05
2023-04-05,6.147518873067526e-05,1204748.2936039579,-0.010918849689097836,590285.9543633894,-9.97150914243683e-05
2023-04-06,-0.004958864827823928,1198774.1096644243,-0.015823569417238184,587432.1731923941,-0.00012429075419029267
2023-04-07,-0.004671183980940796,1193174.4152465933,-0.02042083859419587,584760.6953930681,-0.00012346269286811484
2023-04-08,0.0010538963184705263,1194431.897370115,-0.019388463722339835,585432.28425077,-9.458863100153536e-05
2023-04-09,0.013766025947839378,1210874.477862239,-0.005889339869190982,593507.6949834095,-2.7901974967825538e-05
2023-04-10,0.046522269825523876,1267207.1070461862,0.0,621032.9895762287,0.00014495268966330244
2023-04-11,0.01899640373553213,1291279.4848681712,0.0,632831.9990612426,-2.6022481356413607e-06
2023-04-12,-0.010496430551354852,1277725.6594328631,-0.010496430551354862,626286.8889300994,-0.0001538591566524472
2023-04-13,0.016238783596217665,1298474.369911728,0.0,636465.9129365198,-1.4189580036294558e-05
2023-04-14,0.002980591940765498,1302344.5921539774,0.0,638416.5590133828,-8.42164601480011e-05
2023-04-15,-0.005771286673215581,1294828.3881653447,-0.005771286673215598,634815.7531067536,-0.00013107284136570918
2023-04-16,0.00021674770583057779,1295109.039247924,-0.005555789880531026,635016.0772714845,-9.88149810603467e-05
2023-04-17,-0.02911639895479934,1257400.1277712146,-0.034510424240659775,616693.959786391,-0.0002634011475320941
2023-04-18,0.03236117348390777,1298091.0714447068,-0.0032660485826071705,636595.2016495314,9.031766097455929e-05
2023-04-19,-0.05250793033046075,1229930.995902695,-0.055602485461636444,603426.2556668585,-0.00040426084516431704
2023-04-20,-0.019439843657604428,1206021.3296327048,-0.07396142549489247,591829.0371553132,-0.0002208945273101115
2023-04-21,-0.03505256998939987,1163747.1825670453,-0.10642145744061687,571276.741756797,-0.00032582610183573557
2023-04-22,0.020359042220352563,1187439.9605907442,-0.08822905416544927,582885.6947382428,3.797515617298686e-05
2023-04-23,-0.00828944533169751,1177596.741952754,-0.09578712957597495,578144.7593543108,-0.00015588599625870891
2023-04-24,-0.003008335313291366,1174054.1360891208,-0.0985073050848041,576475.3214668508,-0.00012075766003272204
2023-04-25,0.028812940891919103,1207882.0885161697,-0.07253264935171573,593026.372173381,0.00010217030001258287
2023-04-26,0.003973302247707977,1212681.3691334373,-0.06884754124270907,595425.652179835,-7.252120810363749e-05
2023-04-27,0.037376430477286116,1258007.0700179534,-0.03404438610421312,617584.5222342012,0.00016125512626907756
2023-04-28,-0.005603357504652351,1250958.0066612626,-0.039456980742497136,614209.3953290523,-0.00013831299068234326
2023-04-29,-0.002892109784714103,1247340.0987699311,-0.042234976607130575,612506.8494729442,-0.00012017912221418126
2023-04-30,-5.627838343125191e-06,1247333.0789414963,-0.042240366753852954,612564.6836460256,-0.00010004992216328112
2023-05-01,-0.04023967295529585,1197140.8037785683,-0.08078030116546202,588153.8430912785,-0.00038944781751593105
2023-05-02,0.02149673187680956,1222875.4186561843,-0.0610200817637344,600760.0164701667,6.326931090772092e-05
2023-05-03,0.012421258006916958,1238065.0697416295,-0.049356769936007856,608226.0729443986,-6.427374176665168e-06
2023-05-04,-0.006626895242890063,1229860.5422205704,-0.05565658303500456,604286.643763496,-0.0001499792471124639
2023-05-05,0.02322326179938128,1258421.9155692877,-0.033725848634304174,618272.665076227,7.858127884863286e-05
2023-05-06,-0.022552572360124756,1230041.2642588445,-0.05551781635269718,604497.0260452847,-0.00027172475182246636
2023-05-07,-0.014709167343146645,1211948.3814638855,-0.06941036284458592,595735.9869998838,-0.00021606205408175594
2023-05-08,-0.02709801025117431,1179106.991799083,-0.0946274903718599,579783.1847141767,-0.0003197013461757603
2023-05-09,-0.001577781544686907,1177246.6185482112,-0.09605597040861805,578934.111999229,-0.00011331562478222867
2023-05-10,-0.0011785523014267163,1175859.1718365743,-0.09712131572505393,578315.537800185,-0.00011008149236046982
2023-05-11,-0.0231320467976438,1148659.142446212,-0.11800674770229705,565111.5350886843,-0.0003002156458705718
2023-05-12,-0.00659659380430444,1141081.9046638936,-0.12382489892584243,561473.639875405,-0.00015911201991947177
2023-05-13,-0.0008440372174476352,1140118.7890682013,-0.12456442332014993,561060.2093555155,-0.0001077060871363944
2023-05-14,0.005264653892377957,1146121.1198888426,-0.11995555800385614,564042.8601513117,-5.144364236309151e-05
2023-05-15,0.009068115616483352,1156514.278714488,-0.11197521325619149,569166.6326157495,-1.5897011676146988e-05
2023-05-16,-0.0048687332711756515,1150883.519167121,-0.11629876908103977,566478.1817438889,-0.00014524683012206996
2023-05-17,0.013782059156869586,1166745.0639109486,-0.10411954643951617,574268.4029491238,3.0035766925617935e-05
2023-05-18,-0.021624972783290564,1141514.2336588358,-0.1234929368648436,562024.1122402046,-0.00030342584454323696
2023-05-19,0.002119579033651009,1143933.7632951133,-0.12163511087097521,563260.00337366,-7.942116320758252e-05
2023-05-20,0.00824590796522573,1153366.5358255592,-0.11439219483533156,567915.4447626022,-1.9265065094753453e-05
2023-05-21,-0.013316198294954895,1138008.0783277408,-0.1261851239804641,560483.963065756,-0.0002306557808703369
2023-05-22,0.003731800048771161,1142254.8969299463,-0.1229242215835174,562610.6261911273,-6.253353704432918e-05
2023-05-23,0.013833059759361666,1158055.7771796018,-0.11079157992719345,570370.8825892947,3.976109612047196e-05
2023-05-24,-0.03315276090213726,1119663.0308874277,-0.14027129407003444,551708.8845652955,-0.0004337028406881105
2023-05-25,0.00545620769199795,1125772.1449290013,-0.13558043569170802,554742.6641228014,-4.26697819368993e-05
2023-05-26,0.008760720758838936,1135634.7203288034,-0.1280074972703259,559606.8114406891,-7.574222725681423e-06
2023-05-27,0.005513149200228051,1141895.6439789354,-0.12320007250129689,562715.398243811,-4.179891614475295e-05
2023-05-28,0.045467123780579266,1193814.35456823,-0.08333450166691041,588085.5317129289,0.00038192876317610924
2023-05-29,-0.01193069186795448,1179571.3233563355,-0.09427095527350741,581199.9124105641,-0.0002221581070424028
2023-05-30,-0.0016313303791704037,1177647.052822146,-0.09574849857946673,580319.827168022,-0.00011707474397626427
2023-05-31,-0.017766179513633462,1156724.7638780065,-0.11181359307917649,570176.8447477248,-0.0002879167601524957
2023-06-01,-0.014681263547181245,1139742.5827679625,-0.12485329179820506,561953.9149649069,-0.0002595453406900594
2023-06-02,0.015911972072944147,1157878.1349153116,-0.11092798181756905,570852.4149434286,7.704372463379627e-05
2023-06-03,-0.00653618073336637,1150310.034158292,-0.11673911721338817,567219.5487886783,-0.00017224837598039944
2023-06-04,0.0016171173951577966,1152170.220524354,-0.11531078067537152,568183.2421292617,-8.186026286116643e-05
2023-06-05,-0.051838479874022014,1092443.4677362547,-0.16117172496609553,539119.2651707316,-0.0006860086226468942
2023-06-06,0.058983781232386345,1156879.9142459594,-0.11169446149995575,570590.2752676143,0.0006089240717610522
2023-06-07,-0.033191697487087835,1118481.1061034193,-0.14117883020995392,551925.34362614,-0.000480078571535536
2023-06-08,0.006018710032448027,1125212.9195578275,-0.13600983461925983,555262.7525923228,-2.8138521843690256e-05
2023-06-09,-0.0008956771745569636,1124205.092029263,-0.136783690889433,554826.900853159,-0.0001107303414966676
2023-06-10,-0.024437957039505465,1096731.8162866586,-0.1578789339672775,541487.3231054856,-0.00039518310918407185
2023-06-11,0.003203747002326285,1100245.4675554428,-0.1551809911263794,543254.6180901523,-6.003205445948012e-05
2023-06-12,-0.0008965765806689951,1099259.0132362454,-0.1559384360646395,542827.9862916247,-0.00011125090773245194
2023-06-13,0.00103486137077069,1100396.593925515,-0.1550649493575706,543436.9214618218,-8.69215615297847e-05
2023-06-14,-0.03156705873280996,1065660.3100156842,-0.1817370637266099,526555.0006129167,-0.0005019614194116118
2023-06-15,0.018849050509035514,1085746.9950246443,-0.16631358431112103,536401.268580014,0.0001496402752778625
2023-06-16,0.029448019144453053,1117720.0933201625,-0.1417631707814444,552043.9455897778,0.00028575215136084076
2023-06-17,0.006511883277416697,1124998.5561046866,-0.13617443272519306,555647.8946579876,-1.6490227992438378e-05
2023-06-18,-0.006863875327528968,1117276.7062719339,-0.14210362372369936,551938.5449047781,-0.00018815534573612958
2023-06-19,0.01930029668803135,1138840.4781856085,-0.12554596913397986,562507.5304912868,0.00015145179564934885
2023-06-20,0.055133437147453446,1201628.6681106307,-0.07733431278489075,593177.2439292455,0.0006102320782301884
2023-06-21,0.06019669597089883,1273962.7437148024,-0.021792886928822388,628504.2846530946,0.000641072275963328
2023-06-22,-0.0037773287168140213,1269150.5676588174,-0.025487896748017835,626220.8825369086,-0.00014425544755813924
2023-06-23,0.027110573494755652,1303557.9673992426,0.0,643059.4277560028,0.00022142672775737893
2023-06-24,-0.005411565084103009,1296503.6786177605,-0.005411565084103008,639684.300850854,-0.00016301921187078516
2023-06-25,-0.002248249926644852,1293588.8143174134,-0.007647648459944496,638327.083680391,-0.00012655150656815106
2023-06-26,-0.00656882744435594,1285091.4526122133,-0.014166239821211938,634247.8885812085,-0.0001783809107965828
2023-06-27,0.014093703497502386,1303203.1505125044,-0.0002721911074243047,643141.9881335176,7.063820641439733e-05
2023-06-28,-0.020383902948036936,1276638.7839708815,-0.02065054573834422,630254.3970211212,-0.0003454179009048097
2023-06-29,0.012351258030043777,1292406.879002867,-0.008554347927176048,638005.4334786524,5.299165670913375e-05
2023-06-30,0.0007197781401482306,1293337.1252225505,-0.00784072701966904,638522.7978748038,-9.113093523471782e-05
2023-07-01,0.0036836195161258356,1298101.2870979505,-0.004185989758613378,640909.5052349357,-5.42381893087196e-05
2023-07-02,0.0009293770640992349,1299307.712661057,-0.003260503057386341,641561.8160349437,-8.841217865640516e-05
2023-07-03,0.01773296268240321,1322348.2878426341,0.0,652859.8055640248,0.00012282871447744093
2023-07-04,-0.012766540168874463,1305466.4753086488,-0.012766540168874461,644694.081321972,-0.00025891728803528746
2023-07-05,-0.008716768295255473,1294087.0265261594,-0.02137202549154583,639210.3120845135,-0.00021076615201609528
2023-07-06,-0.02033923277414229,1267766.2892636461,-0.041276567664360705,626441.1133916496,-0.00036271103871754473
2023-07-07,0.015128971849718509,1286946.289765938,-0.02677206784488928,635855.3014134798,0.00010092241206205443
2023-07-08,-0.002107379863682035,1284234.2050692448,-0.028823028791885922,634596.5699725392,-0.00012779199496026905
2023-07-09,-0.004248398886124494,1278778.2659029057,-0.0329489759545962,631999.8994188294,-0.00015655427715943748
2023-07-10,0.00832958848959775,1289429.9626273182,-0.024893838875853978,637256.5228460699,1.2145034188337789e-05
2023-07-11,0.00691571982783068,1298347.298986459,-0.01815027786312788,641668.0548963648,-6.9743967687774244e-06
2023-07-12,-0.008115293427137349,1287810.8296848526,-0.026118276459621836,636594.9921054259,-0.00020923864970545658
2023-07-13,0.035748363103038416,1333847.9588324518,0.0,659104.8485362821,0.0003885869345066073
2023-07-14,-0.03690446340373299,1284623.0156495757,-0.03690446340373294,635170.3017330345,-0.0005907466158796559
2023-07-15,-0.0008538303813375725,1283526.1654902487,-0.037726783633009395,634699.0370400639,-0.00011188024342201341
2023-07-16,-0.002027761312207055,1280923.480788662,-0.03967804403293144,633493.5298018866,-0.0001284245118879923
2023-07-17,-0.003254992770703069,1276754.0841188713,-0.04280388505715163,631524.0247555407,-0.00014603434619975264
2023-07-18,-0.009488648572146263,1264639.4133016148,-0.051886382606468044,625680.4682891668,-0.0002355461764995681
2023-07-19,0.0016004346711921968,1266663.3860652188,-0.050368988700962014,626729.8651688455,-7.677427628882683e-05
2023-07-20,-0.003806951978385875,1261841.259381689,-0.05398418835816346,624441.4339941308,-0.00015556834103802597
2023-07-21,0.0033630097336665443,1266084.8438193316,-0.050802727975409474,626572.9166339255,-5.0413085125544654e-05
2023-07-22,-0.0037580878209348967,1261326.785787504,-0.05436989468306971,624315.7075309106,-0.00015561946794384607
2023-07-23,0.009771192991900879,1273651.4532372877,-0.045129960425066395,630387.247983924,4.608055315480364e-05
2023-07-24,-0.0307153357907739,1234530.8211706972,-0.07445911432716006,611376.3590244886,-0.0005578587475196795
2023-07-25,0.0017229576951887093,1236657.865548981,-0.07286444653597829,612474.5796807178,-7.33509778871877e-05
2023-07-26,0.004174759296729835,1241820.6144700556,-0.06899387876482561,615053.0198972607,-3.511373651021721e-05
2023-07-27,-0.004572312545829127,1236142.622494845,-0.07325072973319287,612346.1291441277,-0.00017124358825348907
2023-07-28,0.0030747411981413286,1239943.4411430082,-0.0704012155715562,614260.524090762,-5.158696091811521e-05
2023-07-29,0.0012418389447967915,1241483.2511975649,-0.06924680359801723,615072.7170431651,-8.038984990776932e-05
2023-07-30,-0.0025875318726386043,1238270.8737157441,-0.07165515715926767,613567.9808225235,-0.00014109557503250159
2023-07-31,-0.0017967602716091324,1236045.997804361,-0.07332317029123712,612544.5674119103,-0.00012878957789519418
2023-08-01,0.01637035365661399,1256280.5079242606,-0.05815314286351487,622471.5098595741,0.00016427988535094862
2023-08-02,-0.017890205371342893,1233805.3916334806,-0.07500297656604046,611575.6354686925,-0.00038599157473140355
2023-08-03,0.00016410331366656372,1234007.8631866672,-0.07485118148936329,611735.5176210877,-9.732330819778312e-05
2023-08-04,-0.0028757000438199842,1230459.2267204272,-0.0775116319872943,610066.4988218384,-0.00014736606422727228
2023-08-05,-0.001563785919894367,1228535.0519066777,-0.07895420630845888,609189.3471967714,-0.0001259891768164989
2023-08-06,0.0004681560221471148,1229110.1979896466,-0.07852301317346894,609530.6945444144,-9.217443867548525e-05
2023-08-07,0.004186550571462444,1234255.9299914304,-0.07466520316768088,612100.5434526373,-2.9560169512832246e-05
2023-08-08,0.019375506497547823,1258170.2637826162,-0.05673637279924921,623821.6025304546,0.00022659509207345607
2023-08-09,-0.006538230190721417,1249944.0569788849,-0.06290364752442251,619873.1629530214,-0.00020879311862109784
2023-08-10,-0.004442300307058056,1244391.4301107621,-0.06706651093876778,617227.8781668663,-0.00017483892261427325
2023-08-11,-0.0011281796153856938,1242987.5330657505,-0.06811902748363734,616605.1130857151,-0.00011920853164137934
2023-08-12,4.139097696476135e-05,1243038.9815340992,-0.06808045601976993,616691.864345337,-9.930078471698245e-05
2023-08-13,-0.004469564008177329,1237483.139241473,-0.07224573007206096,614044.6936622338,-0.00017703018999015718
2023-08-14,0.004312023125142339,1242819.195154856,-0.06824523220568218,616707.789697345,-2.495114171141566e-05
2023-08-15,-0.008087492476085867,1232767.904264906,-0.07578079187977586,611868.7876721012,-0.0002409854170156711
2023-08-16,-0.016469448932367237,1212464.8962201537,-0.09100217293022482,602030.9014692184,-0.00039102427483295177
2023-08-17,-0.07479091216923606,1121783.5406586702,-0.1589869495766268,557877.8630273045,-0.0014507591402783682
2023-08-18,-0.021917101822588214,1097197.2965751507,-0.17741951823688135,545946.2121235933,-0.0005295335133446155
2023-08-19,0.0017001586848972572,1099062.7060879688,-0.17602100088678477,546910.3245523876,-6.57889622970309e-05
2023-08-20,0.0034164856256968523,1102817.6380250577,-0.17320588848043844,548795.8024124813,-3.102263196286259e-05
2023-08-21,-0.002559951328114818,1099994.478547927,-0.17532244116430049,547474.2077399305,-0.00015177935095855855
2023-08-22,-0.0028729795829693927,1096834.2168696797,-0.1776917229533685,545988.1209446667,-0.00015853792662423594
2023-08-23,0.01465899403689308,1112912.7031142327,-0.16563751082365405,553882.0664820581,0.00020090376977610624
2023-08-24,-0.00985947471338966,1101939.9684596679,-0.17386388668748906,548587.5155717462,-0.0003004887293516223
2023-08-25,-0.004783876111466245,1096668.4241682838,-0.17781601950478432,546072.1481309187,-0.0001987053421208529
2023-08-26,-0.0017731619333515303,1094723.85346504,-0.1792738848412099,545178.6520656332,-0.00013693846298445944
2023-08-27,0.0032112872482190635,1098239.3262159936,-0.17663829753332003,546947.204314932,-3.269936533945028e-05
2023-08-28,0.0006112415876411426,1098910.6157653597,-0.17613502461910144,547329.2032190163,-8.717848118933169e-05
2023-08-29,0.06232937883637191,1167405.0318427095,-0.12478403245856723,580779.5669351973,0.0012137586219767016
2023-08-30,-0.015429783803951325,1149392.2245897315,-0.13828842561949767,572055.1981082357,-0.00040795913301716613
2023-08-31,-0.05092497718715672,1090859.4517734041,-0.18217106788673365,543573.7537626262,-0.0011370468619074092
2023-09-01,-0.00544967791781803,1084914.6191076315,-0.18662797215862406,540729.6116204777,-0.00021737572798408156
2023-09-02,0.0024512659026993955,1087574.0333207902,-0.184634181040567,542080.3329236744,-4.6694767789512426e-05
2023-09-03,0.0039166242533932305,1091833.652157055,-0.18144069949864272,544211.3964752584,-1.4644641920247281e-05
2023-09-04,-0.005817306043875536,1085482.121653455,-0.18620250946471978,541169.0256094327,-0.00022688495837364098
2023-09-05,-0.0014452575851718885,1083913.320383567,-0.18737865646070978,540458.2520040273,-0.00013185350664945972
2023-09-06,-0.0013770338387618652,1082420.735063114,-0.18849766354886352,539784.567705272,-0.0001305281257723001
2023-09-07,0.01955365809889731,1103586.0200356953,-0.1726298243154416,550158.0486414729,0.0003358412941287803
2023-09-08,-0.013518287935745832,1088667.426454989,-0.18381445257979406,542939.2542115744,-0.0003969777091222815
2023-09-09,-0.0004532493788617087,1088173.9886201613,-0.18418438817219818,542752.969501903,-0.00011014523189423198
2023-09-10,-0.002472011926223816,1085484.0095424857,-0.1862010940942361,541495.7048697001,-0.00015555360567931498
2023-09-11,-0.026989485320636386,1056187.3548011533,-0.20816510771912963,527265.7742183218,-0.000710549913748082
2023-09-12,0.027469116853322095,1085199.8886691874,-0.18641410253452864,541464.0637097897,0.0005409713416644202
2023-09-13,-0.000716316426798369,1084422.542162574,-0.18699688747749468,549466.5530937613,-0.01549567099585969
2023-09-14,0.0,1084422.542162574,-0.18699688747749468,555768.1729744679,-0.011468614140797806
2023-09-15,0.0,1084422.542162574,-0.18699688747749468,557387.32027664,-0.0029133501717206745
2023-09-16,0.0,1084422.542162574,-0.18699688747749468,556542.2288996942,0.001516165413533943
2023-09-17,0.0,1084422.542162574,-0.18699688747749468,555868.3350568335,0.0012108584180451354
2023-09-18,0.0,1084422.542162574,-0.18699688747749468,560792.6215329617,-0.00885872816559119
2023-09-19,0.0,1084422.542162574,-0.18699688747749468,570174.9588507762,-0.016730493514995448
2023-09-20,0.0,1084422.542162574,-0.18699688747749468,568388.385808416,0.0031333768953327734
2023-09-21,0.0,1084422.542162574,-0.18699688747749468,556718.4554923081,0.020531612903225693
2023-09-22,0.0,1084422.542162574,-0.18699688747749468,556971.1656833808,-0.00045392817245337724
2023-09-23,0.0,1084422.542162574,-0.18699688747749468,556883.5762473373,0.00015726027026197187
2023-09-24,0.0,1084422.542162574,-0.18699688747749468,550019.33044372,0.012326177492741452
2023-09-25,0.0,1084422.542162574,-0.18699688747749468,551201.7878303069,-0.0021498469619840588
2023-09-26,0.0,1084422.542162574,-0.18699688747749468,549459.6381382842,0.0031606386816709353
2023-09-27,0.0,1084422.542162574,-0.18699688747749468,552630.4595407001,-0.005770799495226742
2023-09-28,0.0,1084422.542162574,-0.18699688747749468,566217.2993327066,-0.024585759900564774
2023-09-29,0.0,1084422.542162574,-0.18699688747749468,563819.4861349902,0.004234793250828317
2023-09-30,0.0,1084422.542162574,-0.18699688747749468,564984.5513608317,-0.002066379851161315
2023-10-01,0.0,1084422.542162574,-0.18699688747749468,586567.8037577542,-0.03820149125305594
2023-10-02,0.0,1084422.542162574,-0.18699688747749468,576131.2500458375,0.017792578530660186
2023-10-03,0.0,1084422.542162574,-0.18699688747749468,574705.3024088138,0.0024750395624435484
2023-10-04,0.0,1084422.542162574,-0.18699688747749468,582083.559902897,-0.012838332034101452
2023-10-05,0.0,1084422.542162574,-0.18699688747749468,574368.5650314889,0.013254101993011136
2023-10-06,0.0,1084422.542162574,-0.18699688747749468,585279.5265979569,-0.01899644623808716
2023-10-07,0.0,1084422.542162574,-0.18699688747749468,585815.540419486,-0.0009158253401495564
2023-10-08,0.0,1084422.542162574,-0.18699688747749468,584985.3266740213,0.0014171931063320375
2023-10-09,0.0,1084422.542162574,-0.18699688747749468,578134.7012372529,0.01171076456860598
2023-10-10,0.0,1084422.542162574,-0.18699688747749468,573943.8191299097,0.007248971733359588
2023-10-11,0.0,1084422.542162574,-0.18699688747749468,563160.6794677159,0.018787796475517426
2023-10-12,0.0,1084422.542162574,-0.18699688747749468,560732.2728306159,0.004312102612340163
2023-10-13,0.0,1084422.542162574,-0.18699688747749468,562877.3758372593,-0.0038255386939205493
2023-10-14,0.0,1084422.542162574,-0.18699688747749468,562677.8898489499,0.00035440399076769324
2023-10-15,0.0,1084422.542162574,-0.18699688747749468,568999.2068755609,-0.011234344090378379
2023-10-16,0.0,1084422.542162574,-0.18699688747749468,597217.0447366184,-0.04959205130707445
2023-10-17,0.0,1084422.542162574,-0.18699688747749468,595019.5557036331,0.003679548419376566
2023-10-18,0.0,1084422.542162574,-0.18699688747749468,593428.906399791,0.00267327231280845
2023-10-19,0.0,1084422.542162574,-0.18699688747749468,601678.8673722013,-0.013902189265536657
2023-10-20,0.0,1084422.542162574,-0.18699688747749468,621697.2443902422,-0.0332708660775638
2023-10-21,0.0,1084422.542162574,-0.18699688747749468,626742.2282710618,-0.00811485642946308
2023-10-22,0.0,1084422.542162574,-0.18699688747749468,628474.3198460266,-0.002763642685674972
2023-10-23,0.0,1084422.542162574,-0.18699688747749468,692962.1469050855,-0.10261012267749958
2023-10-24,0.0,1084422.542162574,-0.18699688747749468,710830.8109461648,-0.02578591647593509
2023-10-25,0.0,1084422.542162574,-0.18699688747749468,722844.3935950745,-0.0169007624091575
2023-10-26,0.0,1084422.542162574,-0.18699688747749468,715627.904150335,0.009983461874620403
2023-10-27,0.0,1084422.542162574,-0.18699688747749468,710187.3009985819,0.007602558704320916
2023-10-28,0.0,1084422.542162574,-0.18699688747749468,714147.2655018106,-0.005575943835746777
2023-10-29,0.0,1084422.542162574,-0.18699688747749468,723469.67320549,-0.013053901000557477
2023-10-30,0.0,1084422.542162574,-0.18699688747749468,722397.6455624317,0.0014817865665446295
2023-10-31,0.0036825709273002882,1088416.0050892509,-0.18400294585151467,725855.9614774112,-0.001104703693849629
2023-11-01,0.02246538203045967,1112867.6864516477,-0.1656712602943392,742235.1860175405,-0.00010001029171813336
2023-11-02,-0.013647946230058605,1097679.328105786,-0.1770581340720346,732180.4216656028,-0.00010134463887490064
2023-11-03,-0.006535200501734284,1090505.7736100056,-0.18243622416714517,727469.6606328439,-0.00010132041785726464
2023-11-04,0.009848879899345686,1101246.0340038335,-0.17438413672891187,734705.0090470664,-9.703098294244761e-05
2023-11-05,-0.0015320819704378597,1099558.83481012,-0.17564904790753702,733653.3071822287,-0.00010062056499315908
2023-11-06,0.0008775250147334823,1100523.7251928372,-0.17492565932615647,734370.1575666897,-9.957190208442768e-05
2023-11-07,0.009979270600495083,1111506.1492488014,-0.16669201921504712,741767.6931184665,-9.403572269262028e-05
2023-11-08,0.006277371908100848,1118483.4867257772,-0.16146103510567142,746495.0081355496,-9.5667873678984e-05
2023-11-09,0.030137831860751696,1152192.153987746,-0.13618928877299735,769049.7070049542,-7.63003485679814e-05
2023-11-10,0.01627700155665668,1170946.387471772,-0.12212904048169879,781633.6687086734,-8.600019615223609e-05
2023-11-11,-0.0047055974018970215,1165436.3851931242,-0.12625994778800895,778037.263228257,-0.0001044579878821672
2023-11-12,-0.0018760171660008318,1163250.00652862,-0.1278990991245811,776656.9962062035,-0.00010197999928918122
2023-11-13,-0.016339369923622837,1144243.234358292,-0.14214867835470932,764059.20459153,-0.0001188354068273334
2023-11-14,-0.02513657711572348,1115480.8760587,-0.16371212425507148,744954.2303287848,-0.00013200397801904629
2023-11-15,0.06488397194807627,1187857.7059295082,-0.10945044518472129,793296.2649810934,-8.65189939536215e-06
2023-11-16,-0.04492778005066422,1134489.8961860207,-0.14946085970767906,757785.0349886266,-0.00016363384191697694
2023-11-17,0.012374450458129571,1148528.5852016232,-0.1389359052534316,767223.1110384687,-8.03693312103615e-05
2023-11-18,-0.0013537024905769801,1146973.819195337,-0.14010152986303642,766262.9799476762,-0.00010226587849060387
2023-11-19,0.021589833501670208,1171736.792982539,-0.12153646506443852,782853.8440342263,-6.182463752768541e-05
2023-11-20,0.002284262671936599,1174413.3476000836,-0.1195298236029278,784717.1102191511,-9.583190015227672e-05
2023-11-21,-0.04577383290694004,1120655.9472633572,-0.15983231833687142,748945.2073596076,-0.0001881022102391272
2023-11-22,0.046630494293169455,1172912.6880168277,-0.12065488405177345,783869.7138570463,-1.0965819019492784e-06
2023-11-23,-0.0031557600515793593,1169211.2570119936,-0.12342988624023432,781479.6537912285,-0.00010670735370510442
2023-11-24,0.011167626269299236,1182268.571360161,-0.11364067881092815,790265.628585168,-7.511658563719159e-05
2023-11-25,0.0016830668450280584,1184258.408394536,-0.11214887682465327,791671.6695321816,-9.61335860103496e-05
2023-11-26,-0.008941844380326636,1173668.9540005787,-0.12008790340098546,784688.8217649265,-0.00012146083498454363
2023-11-27,-0.0055812120683029764,1167118.4586703181,-0.12499887941356969,780398.8252957446,-0.00011408121312805886
2023-11-28,0.015411290751229823,1185105.2605780137,-0.11151398273656021,792472.1280146843,-5.9392093999077744e-05
2023-11-29,0.0008480988504517839,1186110.3469871744,-0.11076045876667656,793221.6672795825,-9.772528443097173e-05
2023-11-30,-0.003562105657506476,1181885.2966097444,-0.1139280239673822,790483.3449106445,-0.00010995289631254845
2023-12-01,0.025383481301684885,1211885.659936974,-0.09143643253181136,810569.4046747186,-2.6364324277938778e-05
2023-12-02,0.01980749985090502,1235890.0849654896,-0.0734400598046475,826658.8297171252,-4.203425390514326e-05
2023-12-03,0.013168615594782107,1252165.0464118028,-0.061238548126690565,837595.1461203424,-6.092482754627149e-05
2023-12-04,0.050559109200450036,1315473.3957303236,-0.01377560536825494,879898.7482882856,5.308327146846814e-05
2023-12-05,0.04963495884727154,1380766.8635920787,0.0,923530.4409960458,4.778442221486934e-05
2023-12-06,-0.0071690595269333635,1370868.06375417,-0.007169059526933375,917021.3724510259,-0.00012103137747698778
2023-12-07,-0.011321051451114506,1355348.3958717193,-0.018408949686287326,906763.1407727767,-0.00013458188080239797
2023-12-08,0.020714494570852615,1383423.7528596178,0.0,925577.0582731669,-3.394198817674443e-05
2023-12-09,-0.010488797627040025,1368913.301083433,-0.010488797627040079,915992.7204377785,-0.0001338112434430272
2023-12-10,0.0016420334364635192,1371161.1024954317,-0.008863987146988429,917583.3697416207,-9.449707120467998e-05
2023-12-11,-0.05821686499922585,1291336.4016992655,-0.06656481860312316,864440.6796353505,-0.00030093947276987887
2023-12-12,0.005714752563543035,1298716.0697112728,-0.06123046750733406,869448.57420952,-7.846690442803173e-05
2023-12-13,0.033205880304335134,1341841.080071422,-0.030057798778025866,898295.2539307844,2.774812154204831e-05
2023-12-14,0.003487690676532429,1346521.0066957753,-0.026674940406048665,901506.0982573255,-8.668457758465031e-05
2023-12-15,-0.025347879302249465,1312389.5547401074,-0.05134666653849089,878834.2642330206,-0.0001990377490628248
2023-12-16,0.007985447885481056,1322869.573134934,-0.04377124478274623,885911.1973035856,-6.718883862433245e-05
2023-12-17,-0.021557644700341494,1294351.6208923988,-0.06438528453996958,866981.4019129273,-0.0001900455004734125
2023-12-18,0.03104862002631581,1334539.4525499328,-0.035335738748621566,893869.0537931143,3.5668859357240734e-05
2023-12-19,-0.009089950835781457,1322408.5545378432,-0.044104489456432,885868.4503060906,-0.00013941892836932812
2023-12-20,0.03299639132745935,1366043.2646981538,-0.012563387122374835,915056.6869191035,4.7665585022560464e-05
2023-12-21,0.0043358371923807315,1371966.2058916334,-0.008282022731141482,919098.16407932,-8.080411300515067e-05
2023-12-22,0.0023555648976534282,1375197.9613269984,-0.005945966675515148,921345.3150652774,-8.938720189566318e-05
2023-12-23,-0.006198237575474774,1366674.157649385,-0.012107349736919277,915753.0019812387,-0.0001285121504940312
2023-12-24,-0.016439158842870394,1344207.1840853407,-0.028347473934298272,900861.5405892162,-0.00017772004899829774
2023-12-25,0.013565288611770088,1362441.7424914732,-0.015166726987861501,913112.1176212964,-3.344602182031586e-05
2023-12-26,-0.02471255652912019,1328772.3239125197,-0.039504474918932386,890749.5706965134,-0.0002220843371196768
2023-12-27,0.021652482718432786,1357543.5436927674,-0.018707362160982507,910025.952037449,1.1853325973421036e-05
2023-12-28,-0.02012344935634225,1330225.0849422365,-0.03845435486228751,891898.5010262416,-0.00020374160446767764
2023-12-29,-0.011835603568274733,1314481.0681802856,-0.04983482793093846,881488.1403274958,-0.00016346745999851198
2023-12-30,0.0016522943969872195,1316652.9778841857,-0.04826487534091632,883024.7272521531,-9.087928211237717e-05
2023-12-31,0.0033191784512378586,1321023.1840761371,-0.04510589662386167,886027.4942820645,-8.136848390360996e-05
2024-01-01,0.044995719552589186,1380463.5727892953,-0.002139749345927889,925756.4280273616,0.0001563279968126441
2024-01-02,0.017365458743153095,1404435.9560089936,0.0,941836.0044968158,-3.66339593615983e-06
2024-01-03,-0.04712077848675045,1338257.8404270662,-0.04712077848675043,897796.538960011,-0.0003616130624753966
2024-01-04,0.030559952070353003,1379154.9358882913,-0.01800083514847033,925160.2750475919,8.117998767320778e-05
2024-01-05,-0.00023706746803398016,1378827.9831196137,-0.01823363520409317,925034.758128477,-0.00010139700908740057
2024-01-06,-0.004129332824603149,1373134.3434694365,-0.02228767528033624,921330.227889691,-0.00012458575295692942
2024-01-07,-0.0009999106796889645,1371761.3317747538,-0.02326530027548694,920506.719555598,-0.00010608530723887899
2024-01-08,0.06912049909251938,1466578.159662844,0.0,983831.3672857637,0.000327250347156971
2024-01-09,-0.018119628918137676,1440004.307630308,-0.018119628918137638,966207.8698479643,-0.0002065006892422172
2024-01-10,0.011769277022413371,1456952.1172402776,-0.006563606828005192,977606.8596358323,-2.8380752472800808e-05
2024-01-11,-0.006890327708567234,1446913.2396968012,-0.0134087091345773,971009.7825665581,-0.00014213746803271032
2024-01-12,-0.07733164502007339,1335021.0586697238,-0.08970343661967813,896486.888301466,-0.0005838144594848549
2024-01-13,0.001435253021971672,1336937.1516785752,-0.08839693072619619,897854.3731330921,-9.012883187442533e-05
2024-01-14,-0.02632073119297984,1301747.9882873353,-0.1123909900672474,874476.7945619104,-0.00028357052336613897
2024-01-15,0.018696367246343604,1326085.9467385444,-0.09579592604638112,890795.0417673779,3.578379010393817e-05
2024-01-16,0.01475218285734603,1345648.6091093882,-0.08245694220706012,903930.3140123182,6.622286107038633e-06
2024-01-17,-0.008549961507120174,1334143.3652993932,-0.09030190003231506,896347.9605596076,-0.00016175576252641655
2024-01-18,-0.03421736576069512,1288492.4937917392,-0.1214293726507187,865993.4014561212,-0.0003526609372073164
2024-01-19,0.007983852412964065,1298779.6276973845,-0.11441499442759681,872940.4171813587,-3.8166823621788026e-05
2024-01-20,0.0007945775004398747,1299811.6087675823,-0.11371132850744214,873715.9399153226,-9.382532603030569e-05
2024-01-21,-0.0028979194720500923,1296044.859396538,-0.11627972170641784,871291.3050721191,-0.00012283579503902242
2024-01-22,-0.0488867663329452,1232685.4171982047,-0.15948194845504146,829124.5352049805,-0.0004910465298555433
2024-01-23,0.008300083573056227,1242916.8091802374,-0.152505578382556,836030.6898296714,-2.9370364745151534e-05
2024-01-24,0.004633575534159551,1248675.9580982507,-0.1485786489652126,839955.0318349876,-6.044114854808491e-05
2024-01-25,-0.00321586080206282,1244660.3900301242,-0.1513167015140448,837361.0853546475,-0.0001276639557706849
2024-01-26,0.046915217251416674,1303053.9026326207,-0.11150054018792721,876386.9986264377,0.0003093814246160065
2024-01-27,0.0070636976944478125,1312258.2814803878,-0.10522444860213465,882612.9730851067,-4.04406239284949e-05
2024-01-28,-0.0022455479059826366,1309311.5426443012,-0.10723370996790053,880736.0865333331,-0.00011903650290057133
2024-01-29,0.0304160713570234,1349135.6559539447,-0.08007926678513913,907382.5531482422,0.0001613026217119895
2024-01-30,-0.008522424133923678,1337637.7496797058,-0.08791922144318622,899805.4382981658,-0.00017190557503476978
2024-01-31,-0.008583085729628404,1326156.6901990178,-0.09574768895788553,892238.8006533578,-0.00017389267216139093
2024-02-01,0.011815399084481149,1341825.7607422739,-0.0850635870298585,902777.6118886936,3.7504231378271413e-06
2024-02-02,0.002640251213153144,1345368.5178349137,-0.08264792505555618,905230.5351861216,-7.683355404242143e-05
2024-02-03,-0.004512884080042023,1339297.0256689868,-0.08678782863036642,901272.0374916305,-0.00013996741337529706
2024-02-04,-0.010147071215222625,1325707.0833711878,-0.09605425756786219,892299.1493557035,-0.00019126679361880505
2024-02-05,0.0028811616379755822,1329526.6597629895,-0.09344984377195525,894935.6332894331,-7.354692095695725e-05
2024-02-06,0.009121918886181746,1341654.4941103638,-0.08518036678058756,903113.0920013863,-1.556364079746686e-05
2024-02-07,0.029188759903623795,1380815.725012569,-0.05847791615142497,929319.72553913,0.00017065157383844287
2024-02-08,0.021267515070374277,1410182.2442536836,-0.038454081044085195,948996.9647536329,9.370516002560336e-05
2024-02-09,0.04098886314758321,1467984.0112765497,0.0,987639.4123126011,0.000269610089697947
2024-02-10,0.0131337384799739,1487264.129373439,0.0,1000595.9434356632,1.5052690872208174e-05
2024-02-11,0.011495557088536001,1504361.059078383,0.0,1012097.8193792665,5.315299571595489e-07
2024-02-12,0.03367859441469179,1555025.8250403402,0.0,1045986.9684520862,0.0001945295111587253
2024-02-13,-0.004499335303212115,1548029.2424483297,-0.004499335303212082,1041425.6123664539,-0.00013851989804269937
2024-02-14,0.042433971704801454,1613718.2715205874,0.0,1085337.2559989847,0.0002690363401434137
2024-02-15,0.0015508785414903858,1616220.9525598995,0.0,1087114.8186448142,-8.69189597052511e-05
2024-02-16,0.004644878730793556,1623728.1028867078,0.0,1092229.9998009321,-6.0402687865002136e-05
2024-02-17,-0.0094178706810637,1608436.0415925118,-0.00941787068106372,1082141.0797598197,-0.00018087843313852048
2024-02-18,0.009569576609064212,1623828.0935133114,0.0,1092514.1416078098,-1.6106849411112734e-05
2024-02-19,-0.007123767338265585,1612260.3199777831,-0.0071237673382655966,1084908.9478476143,-0.0001625816926470458
2024-02-20,0.00933341283854161,1627308.2111473351,0.0,1095052.768444333,-1.6515205506051345e-05
2024-02-21,-0.008006421980493394,1614279.2949165676,-0.00800642198049345,1086473.4041382852,-0.0001717636395663913
2024-02-22,-0.011019881786546781,1596490.127916117,-0.01893807394328198,1074718.6084595036,-0.0002006609625408995
2024-02-23,-0.010812890919866258,1579227.4543083166,-0.029546189535367223,1063313.7514366854,-0.00020094381757695956
2024-02-24,0.016295080868471423,1604961.0933859807,-0.01373256621472989,1080581.6525276771,5.537639022112906e-05
2024-02-25,0.0030437532374205656,1609846.1989099083,-0.010730611520183517,1083947.5594921894,-7.114970086186112e-05
2024-02-26,0.05352709905732689,1696016.5958660203,0.0,1141522.3169710804,0.0004112845746928606
2024-02-27,0.04734263358100965,1776310.4881114166,0.0,1195183.8382822396,0.00033389751569568027
2024-02-28,0.0953265127805869,1945639.97255866,0.0,1308227.8540692923,0.0007435606302936826
2024-02-29,-0.021113192180787554,1904561.3019034069,-0.021113192180787502,1280963.651431761,-0.00027263099511554145
2024-03-01,0.020635500887478342,1943862.8783390915,-0.0009133725892932845,1307301.66912357,7.440404263792111e-05
2024-03-02,-0.006576558037335589,1931078.9513030723,-0.00748392377878569,1298906.913174351,-0.00015512054705302258
2024-03-03,0.018231740120415507,1966285.8808952344,0.0,1322516.0379819635,5.5591723518544356e-05
2024-03-04,0.08190367483901762,2127331.920324629,0.0,1430048.6247096492,0.0005945763937762472
2024-03-05,-0.06688695900598218,1985041.1573777583,-0.06688695900598221,1335299.0665857815,-0.000630779679838378
2024-03-06,0.037097482885168453,2058681.1877399348,-0.03227081393777909,1384542.5599793794,0.00021923244236066175
2024-03-07,0.011332875193312608,2082011.964703412,-0.02130365985120994,1400240.1375447495,-4.860474129619874e-06
2024-03-08,0.019533679790052716,2122681.319740987,-0.002186118931047007,1427502.2447412275,6.408563580939663e-05
2024-03-09,0.0026980060703933884,2128408.3268271587,0.0,1431464.3046855098,-7.751316880777459e-05
2024-03-10,0.00938578180138383,2148385.1029670066,0.0,1444929.8184405086,-2.1028910502707276e-05
2024-03-11,0.04556285861647069,2246271.6696672244,0.0,1510354.0981064534,0.0002843413964743746
2024-03-12,-0.008858620862702393,2226372.800591013,-0.00885862086270242,1497234.751213521,-0.00017234861079773456
2024-03-13,0.02276799565013321,2277062.846830444,0.0,1531189.2780472152,8.983726102695933e-05
2024-03-14,-0.023330899224768276,2223936.923022579,-0.023330899224768258,1495913.1565409703,-0.00029251852814149437
2024-03-15,-0.026790965936704714,2164355.5046725012,-0.04949680783506947,1456328.3891401659,-0.00032902379272559124
2024-03-16,-0.061063010062997636,2032193.44271078,-0.10753739382314795,1368336.209326178,-0.0006424480042305225
2024-03-17,0.04771948200784437,2129168.6611366766,-0.06494954054501771,1433145.0579546595,0.0003562329855915092
2024-03-18,-0.011663216409288246,2104335.706269965,-0.07585523640724556,1416727.4868432481,-0.00020759227669564506
2024-03-19,-0.08480152288850396,1925884.8337096164,-0.1542241197293476,1297861.7071767794,-0.0008998687098832336
2024-03-20,0.09620873755197867,2111171.782231321,-0.07285309003659464,1421557.8975601718,0.0009010559250457462
2024-03-21,-0.03491635716180119,2037457.354253016,-0.10522568268633722,1372540.5022562647,-0.0004348946845881274
2024-03-22,-0.026389264180973537,1983690.3538741658,-0.12883811852827767,1336820.985423063,-0.0003648832796566692
2024-03-23,0.0029618544492879817,1989565.7559747978,-0.12625786383359053,1340872.9397885478,-6.918292195923215e-05
2024-03-24,0.0507517218505682,2090539.6438254463,-0.08191394596975157,1408345.7226285615,0.00043167970648982923
2024-03-25,0.0400296066884418,2174223.123534374,-0.045163322320777265,1464294.417849803,0.00030307198727630436
2024-03-26,0.0014596299566733695,2177396.6847379766,-0.043769614102306204,1466557.2846436633,-8.573330243333288e-05
2024-03-27,-0.0075761666426493735,2160900.3646072494,-0.051014174854632076,1455702.6904415393,-0.00017475497207730672
2024-03-28,0.01895615625496405,2201862.729570153,-0.0330250512694305,1483165.7504350643,9.031216890620364e-05
2024-03-29,-0.013373145754991045,2172416.898355129,-0.045956548200229354,1463676.8913712862,-0.0002331045572615542
2024-03-30,-0.003982493936711795,2163765.2612294196,-0.04975602046238154,1458053.5657596532,-0.0001405766086567395
2024-03-31,0.02455388784727064,2216894.110781467,-0.026423836361270714,1493630.5926012052,0.00015353131920559093
2024-04-01,-0.023206705713689213,2165447.301554151,-0.04901733188069721,1459470.503000146,-0.0003361982600568192
2024-04-02,-0.06083785901790151,2033706.1239115042,-0.10687308137220718,1371759.3218314557,-0.0007399118594028087
2024-04-03,0.007612935208892946,2049188.5968667713,-0.10007376400737555,1382221.6494683325,-1.4005953721918374e-05
2024-04-04,0.03860812456774276,2128303.925477402,-0.06532929978639238,1435121.2684123768,0.000336680212640994
2024-04-05,-0.009950816234583715,2107125.564223633,-0.07463003616406762,1421141.1143345963,-0.00020937181069446975
2024-04-06,0.015934687621079524,2140701.951867928,-0.05988455485641233,1443675.0683375697,7.844802904988235e-05
2024-04-07,0.006715131675224306,2155077.0473521305,-0.053571555852361064,1453406.087046715,-2.5317697743609813e-05
2024-04-08,0.03284394512571809,2225858.2796370583,-0.022487111967357355,1500754.8826395834,0.0002661294588799379
2024-04-09,-0.03502496026274304,2147897.6818422726,-0.05672446202701988,1448913.6709717484,-0.0004815366380571673
2024-04-10,0.021623657503400784,2194343.0856667785,-0.03632739486255602,1480032.6469716143,0.0001462039992212727
2024-04-11,-0.009048430046573408,2174487.7257579407,-0.04504711901794131,1466939.2835477472,-0.00020175801494082268
2024-04-12,-0.04185700697577732,2083470.1778521484,-0.08501858841874597,1406387.1138756946,-0.0005791092801009645
2024-04-13,-0.0482402074535907,1982963.1442491913,-0.12915748152960493,1339500.4258983922,-0.0006809776246304855
2024-04-14,0.027427518103699144,2037350.9017870543,-0.10527243258878716,1375905.1519561445,0.00024967974404654925
2024-04-15,-0.034676152776980995,1966703.4106563663,-0.13629814241011498,1328928.5066944084,-0.0005337955113302595
2024-04-16,0.005864283909603252,1978236.7178224404,-0.1312331495039561,1336752.883588818,-2.3449595242697185e-05
2024-04-17,-0.04006412012553384,1898980.4043228603,-0.16603952896331134,1284031.1675902302,-0.0006239837728491127
2024-04-18,0.036179714045271316,1967684.972328835,-0.13586707759614422,1329978.1131181922,0.00039635715511754377
2024-04-19,0.005454560667416342,1978417.829384766,-0.1311536121461806,1337268.7811762318,-2.7234849463431132e-05
2024-04-20,0.017727315169100866,2013489.865782438,-0.11575129839516116,1360791.7833565383,0.000136982910229122
2024-04-21,-9.261255294534809e-05,2013303.3913456383,-0.11583319092485542,1360803.5178264389,-0.0001012358192261642
2024-04-22,0.029210647448372207,2072113.286916848,-0.09000610597940908,1400159.4630641823,0.0002895396453843624
2024-04-23,-0.006247501592740012,2059167.7558564972,-0.09569129428168645,1391666.2213854406,-0.0001815913140958969
2024-04-24,-0.032517881581660246,1992207.9826147826,-0.12509749768749898,1347150.462097136,-0.0005304994032038213
2024-04-25,0.0031909860740859664,1998565.090543989,-0.12230569598643692,1351524.6952966752,-5.6040388518585615e-05
2024-04-26,-0.011552054435861048,1975477.5578244133,-0.1324448683644468,1336262.9694704693,-0.0002598258296675482
2024-04-27,-0.005000816315015255,1965598.5574232985,-0.1367833522209051,1329808.382392845,-0.00017048933215924045
2024-04-28,-0.005590223957665952,1954610.4212764371,-0.14160892660597588,1322613.475990958,-0.00017974038939405634
2024-04-29,0.011912899431640422,1977895.4986531395,-0.13138300007561507,1338274.3833378884,7.201951379687266e-05
2024-04-30,-0.050841587419768075,1877336.1517512002,-0.1755448672115673,1271345.9960836184,-0.0008306269713291847
2024-05-01,-0.03871434068095636,1804656.3203996287,-0.2074631040985018,1223003.5423430991,-0.0006897164720955917
2024-05-02,0.012010205410275532,1826330.6135025804,-0.19794457318350256,1237580.2684888602,9.141233970599849e-05
2024-05-03,0.06564342246722754,1946217.2055295613,-0.1452949099588547,1317655.452913866,0.0009403995895429507
2024-05-04,0.01620504883989593,1977755.7503982135,-0.1314443722310303,1338820.0361882648,0.0001427442157275749
2024-05-05,0.0018043113637657981,1981324.2375734102,-0.12987722744178404,1341333.7272762493,-7.323081519738928e-05
2024-05-06,-0.013530730230755128,1954515.4738151478,-0.14165062394490593,1323589.322889653,-0.00030180440434757205
2024-05-07,-0.013816240061730212,1927511.4188245514,-0.15350978498131942,1305712.9057166756,-0.0003102251190062466
2024-05-08,-0.018343586894058128,1892153.945624054,-0.16903745179548454,1282263.8726055638,-0.0003847898197186783
2024-05-09,0.031133812786580783,1951063.9123305033,-0.1431664193870251,1321678.6997369155,0.0003953446963422813
2024-05-10,-0.03672364191114119,1879413.7398683277,-0.17463246897889692,1274027.9510882131,-0.0006704402834025736
2024-05-11,0.0003330225295863354,1880039.626986118,-0.17435760299587783,1274572.7657621677,-9.460911969516594e-05
2024-05-12,0.010895447663770375,1900523.5003477598,-0.16536185947032944,1288360.7678953267,7.770347251256915e-05
2024-05-13,0.02397159857088149,1946082.086772623,-0.14535424901360514,1318872.2755337334,0.00028917327610145094
2024-05-14,-0.022101696380958158,1903070.371358353,-0.16424336991518243,1290320.0052805098,-0.000452693074956545
2024-05-15,0.07632644266101063,2048324.9629377045,-0.10045303941045411,1387318.1811990724,0.0011527062842924263
2024-05-16,-0.015001010885730914,2017598.0178711617,-0.11394715315848403,1366965.371788866,-0.0003303969731996981
2024-05-17,0.0277560557704164,2073598.5809774753,-0.08935382092601468,1404448.4118128377,0.0003354342992814008
2024-05-18,-0.0017502043378212484,2069969.3597461486,-0.09094763781885028,1402168.571946443,-0.00012690522108693703
2024-05-19,-0.009834494417196193,2049612.257633958,-0.09988770819965977,1388732.813454406,-0.0002523665897369298
2024-05-20,0.07919560623236022,2211932.542918556,-0.02860276957333265,1497121.8069407272,0.001146760236773181
2024-05-21,-0.018543857729762414,2170914.7805348425,-0.04661622161345005,1469917.11482912,-0.00037252926103992223
2024-05-22,-0.014310581511458587,2139847.7276135683,-0.06025969788575319,1449345.7509170154,-0.0003156673053633652
2024-05-23,-0.017677583471162994,2102020.390793101,-0.07687203551759375,1424263.9501368825,-0.00037198143364836067
2024-05-24,0.008573309157379416,2120041.6614584858,-0.06895777408626368,1436424.6327477603,3.508658303918999e-05
2024-05-25,0.010874478284308875,2143096.008467846,-0.058833175618790194,1451943.0501030413,7.097561421365306e-05
2024-05-26,-0.011580085731229262,2118278.772959533,-0.06973196813251342,1435537.8420938463,-0.00028128994992726586
2024-05-27,0.013674915190185821,2147246.0555289257,-0.05701063169258442,1454999.4604239264,0.0001178930348564311
2024-05-28,-0.015291422275453104,2114411.609364532,-0.07143028032463587,1433247.944110394,-0.00034192098340812827
2024-05-29,-0.011187062401586956,2090757.554747931,-0.0818182477228683,1417616.5824823203,-0.00028081153807979486
2024-05-30,0.010414525743529968,2112531.803125333,-0.07225582022653866,1432279.4312553871,7.121503860618716e-05
2024-05-31,-0.012181433151281618,2086798.1381856054,-0.08355707393393967,1415261.097193888,-0.00029944023137862263
2024-06-01,0.003313832522959581,2093713.4377247763,-0.08052013556010573,1420014.3956800366,-4.47692895069185e-05
2024-06-02,-0.00012001885201518014,2093462.1526415318,-0.08063049047788691,1419988.8312991818,-0.00010201594941605663
2024-06-03,0.015571837921221299,2126061.2059766767,-0.06631421748589589,1441870.8935903576,0.0001618136950760629
2024-06-04,0.025435468339335632,2180138.5684687863,-0.042565482325870506,1478078.8577331705,0.0003236748328778738
2024-06-05,0.008115692686413878,2197831.9031042773,-0.03479523801306234,1490026.2244447842,3.265526990103851e-05
2024-06-06,-0.004518385819599957,2187901.2505994267,-0.03915640552263443,1483552.568853571,-0.00017372699077611298
2024-06-07,-0.020831574239810746,2142323.82326819,-0.05917229019383624,1453305.7154202436,-0.00044345044268701006
2024-06-08,-0.0007637909887358019,2140687.535637024,-0.05989088592053909,1452359.833328616,-0.00011294231898162366
2024-06-09,0.004854720181773908,2151079.974619153,-0.05532691923134786,1459435.718678654,-1.727172247822928e-05
2024-06-10,-0.0016813552036455404,2147463.2451103693,-0.05691525023144211,1457169.7087232135,-0.00012869349580957312
2024-06-11,-0.03266836547090879,2077309.1309837599,-0.08772428750692196,1410530.2199270132,-0.0006614629687518025
2024-06-12,0.014263914327185878,2106939.690459193,-0.07471166490114824,1430431.6713342587,0.00015471544148204508
2024-06-13,-0.022336940597364796,2059877.103751176,-0.09537977547768585,1399189.0643122261,-0.0004955568751415784
2024-06-14,-0.01122220404168639,2036760.7425920824,-0.1055316082175114,1383912.87994275,-0.00030431970488642435
2024-06-15,0.0027406727894565552,2042342.837337938,-0.10308016303512413,1387773.939628245,-4.928584266106206e-05
2024-06-16,0.006800018750685588,2056230.8069271643,-0.0969810913259011,1397174.5072832264,2.6172242586719463e-05
2024-06-17,-0.00273845937796513,2050599.9023906738,-0.09945397192483955,1393559.0332892216,-0.000150755426055027
2024-06-18,-0.02046610786842651,2008632.1035933613,-0.11788464407590885,1365710.4121418209,-0.00048229628803764246
2024-06-19,-0.003245420832156287,2002113.2471202216,-0.1207474796283898,1361499.6233444677,-0.00016219853267240847
2024-06-20,-0.001740111184769022,1998629.3474657335,-0.12227747677332478,1359312.4019726452,-0.00013363158365853334
2024-06-21,-0.011522396956182401,1975600.3467559575,-0.1323909441033246,1344090.489526459,-0.0003241525907986542
2024-06-22,0.0017818639791156166,1979120.5978509702,-0.1308449827786678,1346572.539454533,-6.477502875990027e-05
2024-06-23,-0.01680383858527479,1945863.77478389,-0.1454501233936368,1324528.499569908,-0.0004333577988817616
2024-06-24,-0.04719989106568845,1854019.216585421,-0.18578478447965466,1263410.5608133639,-0.0010567248171781118
2024-06-25,0.025534462803122437,1901360.6013075956,-0.1649942363452141,1295108.507176359,0.0004452737887543634
2024-06-26,-0.015653003123443532,1871598.5978765353,-0.17806458417179585,1275389.9877730988,-0.00042762293792431016
2024-06-27,0.014024842047074326,1897847.4725872795,-0.1665370697919089,1293022.7051515344,0.00019948858854257345
2024-06-28,-0.021271325995908308,1857477.7403073648,-0.18426593148587017,1266229.7672069734,-0.0005501601278882218
2024-06-29,0.009351077761349247,1874847.1590969542,-0.17663793877861284,1277939.9299913116,0.0001030225603027013
2024-06-30,0.02981853578607674,1930752.356203911,-0.15208648769118502,1315350.4677548264,0.000544438556976834
2024-07-01,0.00198057670574725,1934576.3593451749,-0.1504071299402179,1318032.213215315,-5.8230080907994974e-05
2024-07-02,-0.012519348581768286,1910356.7235444845,-0.16104347923308124,1302012.1472717852,-0.0003648156478203157
2024-07-03,-0.03179513696529468,1849616.669866816,-0.18771821671879257,1261635.303152693,-0.0007840252765926037
2024-07-04,-0.053759576020681155,1750182.0618939917,-0.2313861409973131,1195449.3306637388,-0.0012991127445168837
2024-07-05,-0.007664588694990315,1736767.6362482242,-0.23727725009183795,1186622.9138574633,-0.0002812420487758871
2024-07-06,0.02886842300798853,1786905.3790380221,-0.21525864710967296,1220178.0496263276,0.000590580588964551
2024-07-07,-0.04181734272777082,1712181.744380692,-0.24807444521614228,1170467.4824218662,-0.0010769219181315792
2024-07-08,0.015621176467237374,1738928.0375536452,-0.23632848343463822,1188421.4309138297,0.00028205021076566084
2024-07-09,0.024026724924729015,1780708.7831758454,-0.2179799579732717,1216403.531656349,0.00048112063433625174
2024-07-10,-0.005822137947801509,1770341.2509953338,-0.22253298653589687,1209611.1594808728,-0.00023815861963616403
2024-07-11,-0.006952696365064237,1758032.6058146153,-0.22793847861436609,1201523.595190122,-0.0002666103221562466
2024-07-12,0.009713436588689062,1775109.1440520433,-0.2204391079838199,1213031.9670009916,0.00013528776419713395
2024-07-13,0.023172761815422938,1816243.3254435405,-0.2023745291125104,1240585.3405039296,0.000458295706950107
2024-07-14,0.027471849862198416,1866138.8893933452,-0.18046228193002403,1273984.3659142954,0.0005498604432365717
2024-07-15,0.06600526690140285,1989313.8848628406,-0.12636847611304855,1356256.201195865,0.0014268957041034813
2024-07-16,0.004949754212118629,1999160.4996436664,-0.12204421479784956,1362958.4694060334,8.012228370324337e-06
2024-07-17,-0.015127782383036914,1968917.6346562938,-0.13532573885831595,1342926.0529329332,-0.00043003705714284024
2024-07-18,-0.0016992533058131087,1965571.9448567303,-0.1367950394550125,1340829.1450705242,-0.00013780630146797979
2024-07-19,0.0426127022475431,2049330.2768890343,-0.10001154349270677,1396821.0063774716,0.000853570211371224
2024-07-20,0.007256686225183717,2064201.6236801867,-0.09348060965754602,1406878.2852586738,5.6566213182396297e-05
2024-07-21,0.015505983772627019,2096209.100560402,-0.07942413470132419,1428364.5187348113,0.00023370776888809175
2024-07-22,-0.009595446157619536,2076095.0390008625,-0.0882574708508017,1415093.461909593,-0.00030436068808326056
2024-07-23,-0.024257135788345097,2025734.919730309,-0.11037373318438301,1381650.2226929949,-0.0006238987500872817
2024-07-24,-0.008788548126150486,2007931.6508974356,-0.1181922564445796,1369915.543248329,-0.00029531354917211594
2024-07-25,0.0065318417554594,2021047.142696876,-0.11243242780493685,1378799.1655953696,4.704611179806584e-05
2024-07-26,0.032671153120162,2087077.0833589914,-0.08343457174926158,1422971.9011831882,0.0006340467089867019
2024-07-27,-0.0002752280748097302,2086502.661151359,-0.08368683628751616,1422731.1350061211,-0.00010602854468066969
2024-07-28,0.005219351995727095,2097392.852979929,-0.07890427534778247,1430136.0046015861,1.4665450765116717e-05
2024-07-29,-0.022052232550642148,2051140.658035961,-0.09921649246921542,1399433.8118272955,-0.0005842094566821388
2024-07-30,-0.009242885273089918,2032182.2002547644,-0.107542331085214,1386930.5246041426,-0.00030835252314376227
2024-07-31,-0.024222601723393633,1982957.4601886235,-0.12915997775432514,1354241.644166866,-0.0006533746731730572
2024-08-01,0.011401748303418557,2005566.6420460804,-0.11923087900813649,1369454.9653047326,0.00016791776557112392
2024-08-02,-0.06050907388377913,1884211.6619236714,-0.17252540282478435,1288661.254142423,-0.0015120909896894075
2024-08-03,-0.013448983310949902,1858870.9307281626,-0.18365409487242887,1271890.6012134678,-0.0004349713857479953
2024-08-04,-0.042986031675006475,1778965.446020133,-0.21874556580800444,1218729.4712259253,-0.001189095730340095
2024-08-05,-0.07326420624561414,1648630.954679093,-0.27598355180494744,1131932.3214448467,-0.0020448324384236827
2024-08-06,0.038075704408507605,1711403.73958817,-0.24841611553657497,1173908.1966319957,0.0009923254892014732
2024-08-07,-0.016403594799064725,1683330.5661063616,-0.2607447930348201,1155303.8232369728,-0.0005553594358566061
2024-08-08,0.12219332210591949,1889022.320181336,-0.1704127434116457,1292593.558823743,0.0033590095853335278
2024-08-09,-0.014207796894954772,1862183.4747261633,-0.1821993506598958,1274824.2186886081,-0.00046075319832283856
2024-08-10,0.0013403326139511673,1864679.4199704998,-0.18110322577787474,1276616.239877708,-6.536800173329027e-05
2024-08-11,-0.0007185881945547257,1863339.4833526798,-0.18169167533238975,1230287.7145338724,0.035571507369538735
2024-08-12,0.0,1863339.4833526798,-0.18169167533238975,1243573.858534677,-0.0107992169992841
2024-08-13,0.0,1863339.4833526798,-0.18169167533238975,1269568.0143495784,-0.02090278404977952
2024-08-14,0.0,1863339.4833526798,-0.18169167533238975,1229675.8457462005,0.031421844400999266
2024-08-15,0.0,1863339.4833526798,-0.18169167533238975,1205738.993957794,0.019465985179111134
2024-08-16,0.0,1863339.4833526798,-0.18169167533238975,1233682.5385849262,-0.023175450712934476
2024-08-17,0.0,1863339.4833526798,-0.18169167533238975,1246619.582106189,-0.010486525598475405
2024-08-18,0.0,1863339.4833526798,-0.18169167533238975,1224310.6784723802,0.017895518371464747
2024-08-19,0.0,1863339.4833526798,-0.18169167533238975,1245498.7306865803,-0.017306107499313272
2024-08-20,0.0,1863339.4833526798,-0.18169167533238975,1236599.392531637,0.007145200501358473
2024-08-21,0.0,1863339.4833526798,-0.18169167533238975,1281488.559415706,-0.03630049242719502
2024-08-22,0.0,1863339.4833526798,-0.18169167533238975,1265140.1378590656,0.012757368324922358
2024-08-23,0.0,1863339.4833526798,-0.18169167533238975,1341862.6165981968,-0.06064346268308651
2024-08-24,0.0,1863339.4833526798,-0.18169167533238975,1344372.3263481793,-0.0018703179587378216
2024-08-25,0.0,1863339.4833526798,-0.18169167533238975,1345692.244667887,-0.0009818100937060148
2024-08-26,0.0,1863339.4833526798,-0.18169167533238975,1316649.4316639989,0.021582061663033336
2024-08-27,0.0,1863339.4833526798,-0.18169167533238975,1245006.3020389676,0.05441321577489899
2024-08-28,0.0,1863339.4833526798,-0.18169167533238975,1237041.5305939622,0.006397374400403888
2024-08-29,0.0,1863339.4833526798,-0.18169167533238975,1243833.064593017,-0.0054901422717748005
2024-08-30,0.0,1863339.4833526798,-0.18169167533238975,1238908.3590286782,0.003959297838693754
2024-08-31,0.0,1863339.4833526798,-0.18169167533238975,1235765.197448171,0.0025370412247210927
2024-09-01,0.0,1863339.4833526798,-0.18169167533238975,1200726.6989574123,0.028353686091105557
2024-09-02,0.0,1863339.4833526798,-0.18169167533238975,1239078.927930447,-0.03194084799341579
2024-09-03,0.0,1863339.4833526798,-0.18169167533238975,1204621.4952438718,0.0278089086254798
2024-09-04,0.0,1863339.4833526798,-0.18169167533238975,1214746.0377828968,-0.008404750022309004
2024-09-05,0.0,1863339.4833526798,-0.18169167533238975,1177218.7839526925,0.030893086013844884
2024-09-06,0.0,1863339.4833526798,-0.18169167533238975,1130762.2271604775,0.03946297614809535
2024-09-07,0.0,1863339.4833526798,-0.18169167533238975,1134908.8954615882,-0.0036671443399056702
2024-09-08,0.0,1863339.4833526798,-0.18169167533238975,1149767.458429068,-0.013092295801802267
2024-09-09,0.0,1863339.4833526798,-0.18169167533238975,1195281.4858353417,-0.03958541970605056
2024-09-10,0.0,1863339.4833526798,-0.18169167533238975,1207728.1961500454,-0.010413204305599333
2024-09-11,0.0,1863339.4833526798,-0.18169167533238975,1201483.9913542096,0.005170207018218909
2024-09-12,0.0,1863339.4833526798,-0.18169167533238975,1218128.4987317338,-0.013853291011196811
2024-09-13,0.0,1863339.4833526798,-0.18169167533238975,1267699.9286502318,-0.04069474605520651
2024-09-14,0.0,1863339.4833526798,-0.18169167533238975,1257118.5799615064,0.008346887500413236
2024-09-15,0.0,1863339.4833526798,-0.18169167533238975,1239076.203857078,0.014352167243428138
2024-09-16,0.0,1863339.4833526798,-0.18169167533238975,1219839.8454402674,0.01552475816816612
2024-09-17,0.0,1863339.4833526798,-0.18169167533238975,1263844.1075673706,-0.03607380287796791
2024-09-18,0.0,1863339.4833526798,-0.18169167533238975,1294144.1852034614,-0.023974537250810224
2024-09-19,0.0,1863339.4833526798,-0.18169167533238975,1319038.0249210799,-0.019235754409934414
2024-09-20,0.0,1863339.4833526798,-0.18169167533238975,1324340.7480515013,-0.004020144249244684
2024-09-21,0.0,1863339.4833526798,-0.18169167533238975,1327440.114913987,-0.0023403092195461994
2024-09-22,0.0,1863339.4833526798,-0.18169167533238975,1332255.4384553242,-0.003627526008319615
2024-09-23,0.0,1863339.4833526798,-0.18169167533238975,1327252.1538514725,0.0037554994781276996
2024-09-24,0.0,1863339.4833526798,-0.18169167533238975,1346586.9979978055,-0.014567574134444872
2024-09-25,0.0,1863339.4833526798,-0.18169167533238975,1323313.1437587808,0.017283587524333677
2024-09-26,0.0,1863339.4833526798,-0.18169167533238975,1365682.5427758093,-0.03201766657941674
2024-09-27,0.0,1863339.4833526798,-0.18169167533238975,1378170.5332792702,-0.009144138635673427
2024-09-28,0.0,1863339.4833526798,-0.18169167533238975,1380015.569127028,-0.0013387572896133015
2024-09-29,0.0,1863339.4833526798,-0.18169167533238975,1374651.4495737343,0.0038869993015275828
2024-09-30,0.0,1863339.4833526798,-0.18169167533238975,1326992.3191608172,0.03466997428889751
2024-10-01,0.0,1863339.4833526798,-0.18169167533238975,1274149.2771252221,0.03982166382772501
2024-10-02,0.0,1863339.4833526798,-0.18169167533238975,1270869.911876226,0.002573768480562233
2024-10-03,0.0,1863339.4833526798,-0.18169167533238975,1273037.2265580387,-0.001705378860227258
2024-10-04,0.0,1863339.4833526798,-0.18169167533238975,1300975.5325825366,-0.021946181495442696
2024-10-05,0.0,1863339.4833526798,-0.18169167533238975,1300388.8090875086,0.00045098734014104025
2024-10-06,0.0,1863339.4833526798,-0.18169167533238975,1316354.1840195379,-0.012277385671468632
2024-10-07,0.0,1863339.4833526798,-0.18169167533238975,1303867.2412366034,0.009486005312646983
2024-10-08,0.0,1863339.4833526798,-0.18169167533238975,1302536.4266234168,0.001020667266649511
2024-10-09,0.0,1863339.4833526798,-0.18169167533238975,1270592.0563925097,0.02452474232426416
2024-10-10,0.0,1863339.4833526798,-0.18169167533238975,1264103.9422580265,0.005106370767738344
2024-10-11,0.0,1863339.4833526798,-0.18169167533238975,1310488.8349662058,-0.036693891346722296
2024-10-12,0.0,1863339.4833526798,-0.18169167533238975,1324449.0823539768,-0.010652702270546932
2024-10-13,0.0,1863339.4833526798,-0.18169167533238975,1317404.2095315328,0.005319096759781039
2024-10-14,0.0,1863339.4833526798,-0.18169167533238975,1384751.0563642213,-0.051120868102157546
2024-10-15,0.0,1863339.4833526798,-0.18169167533238975,1405499.0659571502,-0.014983205463229288
2024-10-16,0.0,1863339.4833526798,-0.18169167533238975,1416937.4500368272,-0.008138307848598592
2024-10-17,0.0,1863339.4833526798,-0.18169167533238975,1412783.6572361344,0.0029315286998625734
2024-10-18,0.0,1863339.4833526798,-0.18169167533238975,1433868.4042063884,-0.014924257413553965
2024-10-19,0.0,1863339.4833526798,-0.18169167533238975,1432820.6836795527,0.000730695037119311
2024-10-20,0.0,1863339.4833526798,-0.18169167533238975,1446524.6586264595,-0.00956433355757702
2024-10-21,0.0,1863339.4833526798,-0.18169167533238975,1411855.7959375684,0.023967004283086846
2024-10-22,0.0,1863339.4833526798,-0.18169167533238975,1412872.0848485993,-0.0007198248673518926
2024-10-23,0.0,1863339.4833526798,-0.18169167533238975,1397002.2620286173,0.011232313944175898
2024-10-24,0.0,1863339.4833526798,-0.18169167533238975,1429054.757017894,-0.022943767422919148
2024-10-25,0.0,1863339.4833526798,-0.18169167533238975,1397624.1889333471,0.02199395644582236
2024-10-26,0.0,1863339.4833526798,-0.18169167533238975,1405889.2370813438,-0.005913641316056761
2024-10-27,0.0,1863339.4833526798,-0.18169167533238975,1425354.6272053209,-0.013845607186230069
2024-10-28,0.0,1863339.4833526798,-0.18169167533238975,1466016.8703959235,-0.028527808037729363
2024-10-29,0.0385102428892492,1935097.1394417195,-0.15017842299114553,1524148.8056509858,-0.001142735482931867
2024-10-30,-0.005484932669236886,1924483.2619234489,-0.15483963712190377,1515941.3821319651,-0.00010000995789105627
2024-10-31,-0.02847715444940413,1869679.4548383618,-0.17890739931009772,1472927.6349909324,-0.00010287319550772445
2024-11-01,-0.011426557468747434,1848315.455099515,-0.1882896610990442,1456247.9242037064,-0.00010236856022138863
2024-11-02,-0.0018455742663183727,1844904.2516595447,-0.18978773281222439,1453706.7828379194,-0.0001005819998560753
2024-11-03,-0.008734259758650498,1828790.3786957115,-0.19686433721348753,1441160.3295290607,-0.00010359678247218174
2024-11-04,-0.013570710669862152,1803972.3935906044,-0.20776345892181125,1421756.9644602723,-0.00010700044191758185
2024-11-05,0.022345754585788358,1844283.5179773173,-0.19006033560098418,1453649.5772971536,-8.607703811258638e-05
2024-11-06,0.0893361419857106,2009044.6922012446,-0.11770345074237498,1583566.503536581,-3.6790988265700264e-05
2024-11-07,0.0036858704086579763,2016449.7705819004,-0.11445141999980535,1589557.369509028,-9.727728931840929e-05
2024-11-08,0.008500684462626307,2033590.9738163522,-0.10692365094489696,1603217.3401938078,-9.288438037735602e-05
2024-11-09,0.002093552782132635,2037848.4038573052,-0.1050539484696758,1606730.9757526047,-9.806245973598138e-05
2024-11-10,0.048106359986116676,2135881.872770398,-0.062001351546604334,1684106.1843799546,-5.055600979653185e-05
2024-11-11,0.10300921790029083,2355897.394011885,0.0,1857566.3757146774,1.0848234789806455e-05
2024-11-12,-0.007959550081913513,2337145.510716398,-0.00795955008191352,1842982.5250693338,-0.00010849784711375321
2024-11-13,0.02748357486754127,2401378.62433651,0.0,1893759.0431377983,-6.769996972511017e-05
2024-11-14,-0.03388595776125902,2320005.609703453,-0.03388595776125898,1829856.2632209244,-0.00014207669654209276
2024-11-15,0.042403231346602954,2418381.344297125,0.0,1907523.3667870509,-4.114263357868353e-05
2024-11-16,-0.004997179322307255,2406296.2590499497,-0.004997179322307291,1898195.5109366316,-0.00010714441482895243
2024-11-17,-0.00818139507011717,2386609.398698917,-0.013137690494152416,1882879.30364303,-0.00011257012276277845
2024-11-18,0.006678383549764577,2402548.0916469013,-0.006547045480465955,1895621.4711463014,-8.900057231775449e-05
2024-11-19,0.02034906942055925,2451437.709550056,0.0,1934318.1906285596,-6.466827510953621e-05
2024-11-20,0.021341862900231323,2503755.9570557303,0.0,1975719.2863346867,-6.159383543313801e-05
2024-11-21,0.04272745320266269,2610735.072541717,0.0,2060177.2952675517,-2.0526997272396486e-05
2024-11-22,0.005758015769055103,2625767.7262582374,0.0,2072223.5667968988,-8.918561357296184e-05
2024-11-23,-0.012457176196833064,2593058.075040281,-0.012457176196833052,2046667.5677063204,-0.00012453048231619857
2024-11-24,0.0022353194146964572,2598854.3880988536,-0.010249702549941725,2051437.629720898,-9.532875203221991e-05
2024-11-25,-0.05015902799612659,2468498.3780883467,-0.05989461542891386,1948969.9335640417,-0.0002098144922302314
2024-11-26,-0.01136112160149716,2440453.4678417863,-0.07057526702124828,1927075.7177147544,-0.00012738450158722436
2024-11-27,0.0423926557912806,2543910.7716786405,-0.031174484232177075,2008754.9622663455,7.583009370648597e-06
2024-11-28,-0.0023919270462977593,2537825.922700494,-0.03349184418648555,2004163.2222854346,-0.00010606338091068146
2024-11-29,0.018937213644449002,2585885.274391094,-0.015188872750742623,2042216.8509083213,-5.00765122342095e-05
2024-11-30,-0.010923623303653374,2557638.0377471815,-0.02594657853005979,2020172.601479591,-0.00012934872946912535
2024-12-01,0.007983943260560844,2578058.074721607,-0.018169791280288724,2036458.1598046208,-7.75255035943001e-05
2024-12-02,-0.013975470916076427,2542028.499078379,-0.03189133080677633,2008283.6975733743,-0.0001404396901220073
2024-12-03,-5.39007674038583e-06,2542014.797349693,-0.031896548986796294,2008473.754076942,-0.00010002635935213444
2024-12-04,0.028551186022291786,2614592.334700242,-0.0042560472680957,2065839.176994572,-1.0513029630176973e-05
2024-12-05,-0.016804999902335638,2570654.110770957,-0.02098952429650665,2031438.5307605506,-0.00015285843018686407
2024-12-06,0.028827874268621656,2644760.6042643776,0.0,2090010.5086368837,-4.884876890987044e-06
2024-12-07,0.0008165566872271324,2646920.2012219047,0.0,2091920.5031573055,-9.731169406990148e-05
2024-12-08,0.01274082767943474,2680644.1553868875,0.0,2118691.8580590137,-5.6673402132334516e-05
2024-12-09,-0.03814242291484127,2578397.8923279233,-0.03814242291484128,2038371.0879425178,-0.00023187456824036445
2024-12-10,-0.007152512041312398,2559955.870355753,-0.04502212081697049,2024049.3769729885,-0.00012645527753385455
2024-12-11,0.0469982353668581,2680269.2788795033,-0.00013984568098339496,2119014.765525385,7.972160292069042e-05
2024-12-12,-0.011224506265257506,2650184.579566143,-0.011362782247518558,2095530.9480927817,-0.00014208352112887734
2024-12-13,0.014154061390851735,2687695.4548024107,0.0,2125285.372878497,-4.492947244028045e-05
2024-12-14,-0.00014247391910260365,2687312.5282976106,-0.00014247391910265648,2125196.3166337158,-0.00010057072533975475
2024-12-15,0.030034910486789634,2768025.719535058,0.0,2188981.3327633734,2.1205103235999445e-05
2024-12-16,0.015226388869682861,2810172.755541982,0.0,2222396.702613958,-3.88714367633991e-05
2024-12-17,0.0006103742440519699,2811888.0126133016,0.0,2223969.959757055,-9.753588794492174e-05
2024-12-18,-0.056203641196041154,2653849.6676689344,-0.05620364119604113,2099715.962965175,-0.0003332836641195547
2024-12-19,-0.027589892345182165,2580630.241037651,-0.08224288113121732,2042255.8261119197,-0.00022422105118913294
2024-12-20,0.0034415502866758096,2589511.609783498,-0.07908437385567578,2049455.3424841247,-8.372616505614161e-05
2024-12-21,-0.005375599235501127,2575591.4331536246,-0.08403484719153825,2038696.3003940482,-0.0001258912437984705
2024-12-22,-0.021851269537659368,2519311.4905288983,-0.10404984863265933,1994572.1790386748,-0.00020796673338940863
2024-12-23,-0.0033192534269189666,2510949.257230484,-0.10702373424293395,1988185.2747070838,-0.00011711093304878073
2024-12-24,0.03997201817970342,2611316.966588814,-0.07132967071404878,2067437.1603421017,0.00011059950648939498
2024-12-25,0.007703724386187716,2631433.83278439,-0.0641754504515995,2083488.6579014368,-6.023471604632569e-05
2024-12-26,-0.036881327868887315,2534383.0588321863,-0.09868990249124782,2007256.512368865,-0.0002926259129305553
2024-12-27,-0.015768556012028312,2494419.497613055,-0.11290226124802133,1975980.587834079,-0.00018712716022917242
2024-12-28,0.01057526408899645,2520798.642549055,-0.10352096838796754,1996955.3241490156,-3.95852896240001e-05
2024-12-29,-0.0165836588475331,2478994.577837697,-0.11838787081218828,1964228.725772773,-0.00019541120849841942
2024-12-30,-0.010254564306747316,2453573.5685231825,-0.12742841908455316,1944402.7102434593,-0.00016102720021027306
2024-12-31,0.008399789919470324,2474183.0710507426,-0.12009900111516321,1960829.9203837176,-4.867091311178129e-05
2025-01-01,0.010821892621670104,2500958.4145720075,-0.11057680698753133,1982115.201062808,-3.3348038328107066e-05
2025-01-02,0.02535518578382523,2564370.679811102,-0.0880253166882571,2032259.105477169,5.700715754053398e-05
2025-01-03,0.012238780445862796,2595755.449543118,-0.07686385876701937,2057182.0718254338,-2.489512635839297e-05
2025-01-04,0.00037410970514417663,2596726.5468489733,-0.07651850457741467,2058152.6801214945,-9.770477805304267e-05
2025-01-05,0.0013655648068957582,2600272.5452344823,-0.07525743074744609,2061151.4658134035,-9.146300298090715e-05
2025-01-06,0.03951494764683239,2703022.1787269185,-0.03871627653663411,2142286.733867462,0.00015089827938852274
2025-01-07,-0.05207827745556315,2562253.4397346373,-0.08877827700067611,2031626.7013671708,-0.0004231788402079273
2025-01-08,-0.01976634888220352,2511607.0443202164,-0.10678980348652337,1991939.047810631,-0.0002314345547672625
2025-01-09,-0.026668005914414872,2444627.492807599,-0.13060993828996045,1939382.8716552837,-0.00028357602279105443
2025-01-10,0.023554203384276384,2502208.745971983,-0.1101321479561735,1984929.7974860999,6.893572697186379e-05
2025-01-11,-0.0014416716755546455,2498601.38249659,-0.11141504523345178,1982287.0272292092,-0.00011025418147625476
2025-01-12,-0.0006856124088830962,2496888.3103838977,-0.11202427010478652,1981136.0014584274,-0.00010495695638246261
2025-01-13,-0.00019621585710138945,2496398.3813039893,-0.11219850502371315,1980948.2499400186,-0.00010144623085128757
2025-01-14,0.021477208417912896,2550014.0496333954,-0.09313100728237282,2023375.9022183388,5.935851718730234e-05
2025-01-15,0.0409685599582672,2654484.4531202246,-0.05597789057992743,2105862.7297520153,0.00020162809788404346
2025-01-16,-0.005212644789828413,2640647.568565987,-0.06089874251007877,2095174.9326577636,-0.00013738658650264135
2025-01-17,0.041107375942139646,2749197.660897726,-0.022294754070704446,2180882.2435468277,0.0002003807537507285
2025-01-18,0.004532181092912646,2761657.522557127,-0.01786361684066208,2190914.1675912803,-6.775733757202751e-05
2025-01-19,-0.03116527568895988,2675589.704508144,-0.048472167985980814,2123343.3181099547,-0.0003238805851005777
2025-01-20,0.009131006898714267,2700020.5325581366,-0.03978376078754219,2142798.231028663,-3.1389381141888606e-05
2025-01-21,0.038167757335877184,2803074.2610467016,-0.003134460379312462,2224181.180215265,0.00018800356898429627
2025-01-22,-0.02323206508730835,2737953.057369506,-0.026293705479074985,2173111.9290316026,-0.00027114282165030534
2025-01-23,0.0018783449101229532,2743095.8775589713,-0.024464749216807028,2177379.9233697215,-8.565624467271604e-05
2025-01-24,0.009211436399314099,2768363.7307723262,-0.015478668298928792,2197499.5101906545,-2.883747525905811e-05
2025-01-25,-0.001289079914484681,2764795.088691,-0.016747794973006304,2194908.49732779,-0.00011000667653893181
2025-01-26,-0.020566415755506107,2707933.1634181994,-0.03696976861410959,2150341.609277776,-0.00026174788243871205
2025-01-27,-0.005378286079841144,2693369.124180247,-0.04214922070203853,2139085.5285697686,-0.0001437314121350841
2025-01-28,-0.007482533553525683,2673215.8993365383,-0.04931637129740626,2123426.088031575,-0.00016190970326601661
2025-01-29,0.023761602753234135,2736735.7936102026,-0.026726604568172094,2173668.8972636694,0.00010040281070655688
2025-01-30,0.009520178641870825,2762790.007260974,-0.01746086797628085,2194407.4773718566,-2.0639711050485232e-05
2025-01-31,-0.022184916503575125,2701497.7416329775,-0.03925841658172227,2146351.0513351634,-0.00028541673781223853
2025-02-01,-0.017767234636881568,2653499.597386379,-0.05632813771972392,2108760.7247292437,-0.00025363797591759774
2025-02-02,-0.029528099033435895,2575146.7984895715,-0.08419297392420277,2047258.2725393504,-0.0003628876992815
2025-02-03,0.037379759085416575,2671405.1654266934,-0.04996032792075771,2123279.407157818,0.00024661587717189626
2025-02-04,-0.03560826107714954,2576281.072853334,-0.08378958859780493,2048568.7613743169,-0.0004218199843555315
2025-02-05,-0.011983791629607832,2545407.457296957,-0.09476926325692614,2024456.521169718,-0.00021350563324074034
2025-02-06,-0.0007080320049879241,2543605.2273514555,-0.09541019559043909,2023239.4890057454,-0.0001068671238231289
2025-02-07,-0.000598336863097515,2542083.2945787637,-0.09595144501639946,2022243.1067847246,-0.00010586811363155757
2025-02-08,-0.0007505001009759926,2540175.460809493,-0.09662993354820183,2020942.676066816,-0.00010743660700462954
2025-02-09,8.76052848064468e-05,2540397.9936041953,-0.09655079355624478,2021320.0650005825,-9.913377426506997e-05
2025-02-10,0.010037052673923297,2565896.10207873,-0.08748282628295458,2041605.4012088613,1.3653231063504023e-06
2025-02-11,-0.017236056885206463,2521670.170901771,-0.10321102419786943,2006975.723267674,-0.0002740729872980907
2025-02-12,0.021967839524190014,2577065.816549078,-0.0835105078903855,2050807.9496842711,0.00012790099955695133
2025-02-13,-0.013127705493497621,2543234.855472062,-0.09554191203068575,2024366.6267485162,-0.00023458064491022057
2025-02-14,0.009233509262167594,2566717.8380659306,-0.08719058989817866,2043065.085446849,-3.186527648857407e-06
2025-02-15,0.0006159861827765845,2568298.9007892655,-0.08662831191404746,2044514.7115677793,-9.354878566680824e-05
2025-02-16,-0.01513714783538489,2529422.180642562,-0.10045415418525955,2014098.5464973147,-0.0002601871080439855
2025-02-17,-0.003657422626795248,2520171.014726362,-0.10374417351558202,2007013.4412066403,-0.0001396675978787565
2025-02-18,-0.0012439694836503534,2517035.9988904623,-0.1048590884132725,2004744.9167219354,-0.0001136708826898758
2025-02-19,0.010179245926351,2542657.5273286467,-0.09574722893549324,2025125.805042261,1.2920948881278704e-05
2025-02-20,0.017274311127025932,2586580.184545196,-0.08012688523064963,2059923.3278118474,9.141676908241969e-05
2025-02-21,-0.021937418220940752,2529837.29327483,-0.10030652645954428,2015436.6951541891,-0.00034116167244369056
2025-02-22,0.0037796312140792043,2539399.1452750335,-0.09690601692384734,2023169.5012745536,-5.7158172040772115e-05
2025-02-23,-0.0031709077645404316,2531346.9448080137,-0.09976964464689321,2017029.6494431908,-0.00013613888951780062
2025-02-24,-0.04955158415465688,2405914.693647726,-0.14437748485874932,1918436.6333386784,-0.000671283296546421
2025-02-25,-0.031864695522201725,2329250.95448225,-0.1716416357856657,1858245.5081601727,-0.0004896038811740278
2025-02-26,-0.05070341531198963,2211149.975971288,-0.2136422339535855,1765410.9736152552,-0.0007452509374491489
2025-02-27,0.005415107269700181,2223123.5902805678,-0.2093840222980823,1775018.361302234,-2.6904721028842005e-05
2025-02-28,-0.004393245477021024,2213356.862622709,-0.21285739236618176,1767503.2715073465,-0.00015943586765210238
2025-03-01,0.02050773393265115,2258747.796259383,-0.19671488120177413,1803431.494269494,0.00018062996553513955
2025-03-02,0.09654521715874576,2476819.0927560837,-0.11916154496701058,1975372.2812962,0.0012043142339286383
2025-03-03,-0.08656212386801676,2262420.3716502627,-0.19540879241928868,1806702.0586660649,-0.001175574594653006
2025-03-04,0.012379456759047835,2290427.9068118962,-0.18544839035633315,1828942.441377419,6.95229740745873e-05
2025-03-05,0.038508550755925075,2378628.9661141494,-0.15408118835304951,1898595.5306337788,0.0004247446827814194
2025-03-06,-0.007641176731357335,2360453.4418057455,-0.16054500349322362,1884469.743402768,-0.0002010521744985061
2025-03-07,-0.03538060655427255,2276939.167291538,-0.19024543044464814,1818879.5048053723,-0.000574933060698668
2025-03-08,-0.006870094996476173,2261296.3789110477,-0.19580852126132406,1806740.6147814526,-0.0001962664158311478
2025-03-09,-0.06466892453670181,2115060.774028132,-0.24781471931293408,1691741.1334031133,-0.0010186803137645084
2025-03-10,-0.027000756497876255,2057952.5330903889,-0.2681242909180523,1646929.9169262412,-0.0005125334523505831
2025-03-11,0.05596675499938675,2173129.458310226,-0.22716358241786047,1737811.9194973477,0.0007840774385075022
2025-03-12,0.009045096813422582,2192785.6246487424,-0.2201732021998914,1753467.5882416442,3.625726718170519e-05
2025-03-13,-0.03121370421317482,2124340.6627580547,-0.24451448520393132,1699733.3551259225,-0.0005691496881574665
2025-03-14,0.03580861830269244,2200410.3666956467,-0.21746159277138574,1759818.4509871122,0.0004588996659486977
2025-03-15,0.004193507198356539,2209637.803407723,-0.21418001232768213,1767262.295786175,-3.6386399410615056e-05
2025-03-16,-0.02133919058250522,2162485.9212024976,-0.2309487748081636,1730300.6014963565,-0.00042452818182525665
2025-03-17,0.017558810409348036,2200456.6015057764,-0.21744515014994337,1760380.6578218117,0.00017451527621203944
2025-03-18,-0.015758554169821526,2165780.586952606,-0.22977708314216205,1733244.6961767648,-0.0003437281067907305
2025-03-19,0.05064208249702129,2275460.2261075075,-0.190771390645551,1819805.4802069895,0.0007006147855304068
2025-03-20,-0.030763894320529395,2205458.208180968,-0.2156664140648802,1764851.4908539255,-0.0005661671728930395
2025-03-21,-0.0017252754681773563,2201653.185238303,-0.21701960555956168,1762031.0271956834,-0.00012714459265683598
2025-03-22,-0.0031008091761139944,2194826.2788388957,-0.2194474783513599,1756830.1425004706,-0.0001491672271694
2025-03-23,0.027073320975321336,2254247.5151709714,-0.19831532939466975,1803808.0450268392,0.00033317041101832423
2025-03-24,0.016605771248606738,2291681.033745641,-0.18500273714108292,1833472.3658472465,0.00016038455560862808
2025-03-25,-0.0013239040650092626,2288647.0679093604,-0.18608171533035328,1831266.0759618354,-0.00012056447478236976
2025-03-26,-0.005724340844521447,2275546.0720198327,-0.19074086101139054,1821130.4275852263,-0.00018956438049189117
2025-03-27,0.0036728213777252883,2283903.746279146,-0.18776859674559357,1827895.3494828995,-4.186143422657551e-05
2025-03-28,-0.032806530429616454,2208976.7885285243,-0.2144150909923493,1769063.1178277002,-0.0006207536717498519
2025-03-29,-0.021489360905197374,2161507.289088631,-0.23129680862369134,1731851.4374201787,-0.00045467874348048554
2025-03-30,-0.003284017709922149,2154408.860871138,-0.23382124351784483,1726433.6745759111,-0.00015571078520226767
2025-03-31,0.0018742942554834663,2158446.8570230315,-0.2323851990758969,1729786.7993499963,-6.793197855281541e-05
2025-04-01,0.0320475787060841,2227619.8525563767,-0.2077850033273267,1784442.8169852283,0.00045061100129517584
2025-04-02,-0.03165545069627429,2157103.5421437365,-0.23286292609534762,1729080.2166266982,-0.0006303038932717886
2025-04-03,0.008492074360678892,2175421.8258273047,-0.22634834101891577,1743681.2498886818,4.768113844355604e-05
2025-04-04,0.00817488021525481,2193205.638671094,-0.22002383137841217,1757862.7758517202,4.1784809231559805e-05
2025-04-05,-0.004370180569306159,2183620.934004481,-0.22343246807504408,1750489.337872061,-0.0001756335995708458
2025-04-06,-0.06233520430584971,2047504.4769567812,-0.2718399638348757,1643454.4183946217,-0.0011894908406345772
2025-04-07,0.009425432145402812,2066803.0914717456,-0.2649767408230073,1658819.0303765635,7.645853836457661e-05
2025-04-08,-0.0007132712663781016,2065328.9002133375,-0.26550101179389785,1599291.3218356504,0.035172324118550646
2025-04-09,0.0,2065328.9002133375,-0.26550101179389785,1731153.2364610957,-0.0824502158081466
2025-04-10,0.0,2065328.9002133375,-0.26550101179389785,1668124.0459194975,0.036408787630172745
2025-04-11,0.0,2065328.9002133375,-0.26550101179389785,1748097.3919092948,-0.047942085713244875
2025-04-12,0.0,2065328.9002133375,-0.26550101179389785,1786927.1718984614,-0.022212595344448305
2025-04-13,0.0,2065328.9002133375,-0.26550101179389785,1755141.4265553174,0.017787935537056265
2025-04-14,0.0,2065328.9002133375,-0.26550101179389785,1772566.6952694396,-0.009928127984718316
2025-04-15,0.0,2065328.9002133375,-0.26550101179389785,1752710.505388953,0.011201942320973268
2025-04-16,0.0,2065328.9002133375,-0.26550101179389785,1760807.0800762349,-0.004619459210398746
2025-04-17,0.0,2065328.9002133375,-0.26550101179389785,1780033.3803759876,-0.010919027142326287
2025-04-18,0.0,2065328.9002133375,-0.26550101179389785,1770117.334221803,0.005570707978571843
2025-04-19,0.0,2065328.9002133375,-0.26550101179389785,1782738.5947762774,-0.007130183016948566
2025-04-20,0.0,2065328.9002133375,-0.26550101179389785,1784880.7641654462,-0.0012016172171542827
2025-04-21,0.0,2065328.9002133375,-0.26550101179389785,1833851.0120456452,-0.02743614523914495
2025-04-22,0.0,2065328.9002133375,-0.26550101179389785,1958042.7742382314,-0.0677218385664009
2025-04-23,0.0,2065328.9002133375,-0.26550101179389785,1963241.353948285,-0.0026549878166355345
2025-04-24,0.0,2065328.9002133375,-0.26550101179389785,1969305.3508135052,-0.0030887678955136
2025-04-25,0.0,2065328.9002133375,-0.26550101179389785,1983097.7533728767,-0.007003689170739236
2025-04-26,0.0,2065328.9002133375,-0.26550101179389785,1982873.9602683447,0.0001128502637609552
2025-04-27,0.0,2065328.9002133375,-0.26550101179389785,1964461.3197297328,0.009285835059390402
2025-04-28,0.0,2065328.9002133375,-0.26550101179389785,1990903.2712978034,-0.013460153835815225
2025-04-29,0.0,2065328.9002133375,-0.26550101179389785,1975096.102165327,0.007939697201950202
2025-04-30,0.0,2065328.9002133375,-0.26550101179389785,1973318.7490636026,0.0008998818334843284
2025-05-01,0.0,2065328.9002133375,-0.26550101179389785,2021889.1867907613,-0.024613579407891883
2025-05-02,0.0,2065328.9002133375,-0.26550101179389785,2030212.9072882608,-0.004116803508263045
2025-05-03,0.0,2065328.9002133375,-0.26550101179389785,2008614.777259857,0.010638357164841517
2025-05-04,0.0,2065328.9002133375,-0.26550101179389785,1975531.95390449,0.016470466975503584
2025-05-05,0.0,2065328.9002133375,-0.26550101179389785,1985088.4223738646,-0.0048374152847727725
2025-05-06,0.0,2065328.9002133375,-0.26550101179389785,2029099.8090005505,-0.022170995574119168
2025-05-07,0.0,2065328.9002133375,-0.26550101179389785,2033216.9315828045,-0.0020290389679165077
2025-05-08,0.0,2065328.9002133375,-0.26550101179389785,2163785.9590781345,-0.06421795208723036
2025-05-09,0.0,2065328.9002133375,-0.26550101179389785,2157717.3522425964,0.002804624371499198
2025-05-10,0.0,2065328.9002133375,-0.26550101179389785,2196221.919780233,-0.017845046988020696
2025-05-11,0.0,2065328.9002133375,-0.26550101179389785,2181731.3162617777,0.006597968715249425
2025-05-12,0.0,2065328.9002133375,-0.26550101179389785,2153931.5188909275,0.01274208110028996
2025-05-13,0.0,2065328.9002133375,-0.26550101179389785,2181432.0872793137,-0.012767615008738131
2025-05-14,0.0,2065328.9002133375,-0.26550101179389785,2168945.354040485,0.005724099004339123
2025-05-15,0.0,2065328.9002133375,-0.26550101179389785,2174307.378152725,-0.0024721803627976158
2025-05-16,0.0,2065328.9002133375,-0.26550101179389785,2168025.036329712,0.002889353127408567
2025-05-17,0.0,2065328.9002133375,-0.26550101179389785,2160958.1613762043,0.00325959102643536
2025-05-18,0.0,2065328.9002133375,-0.26550101179389785,2230686.267422285,-0.0322672170578604
2025-05-19,0.0,2065328.9002133375,-0.26550101179389785,2212235.4898564965,0.008271345834351629
2025-05-20,0.0,2065328.9002133375,-0.26550101179389785,2238978.5563039803,-0.012088706907607882
2025-05-21,0.0,2065328.9002133375,-0.26550101179389785,2297525.1793435644,-0.02614880918566298
2025-05-22,0.0,2065328.9002133375,-0.26550101179389785,2340528.2397352234,-0.018717122570968137
2025-05-23,-0.04025094938935192,1982197.4511784846,-0.2950652933947118,2248791.71630243,-0.0010561548658850617
2025-05-24,0.00403358131274012,1990192.8057757192,-0.2922218819354468,2258087.302360622,-0.00010001006915838495
2025-05-25,0.011429134638982541,2012938.9873104643,-0.28413259052956136,2284118.5474821734,-9.887187092427752e-05
2025-05-26,0.003851056741565717,2020690.9295679065,-0.28137574451625313,2293141.5166592826,-9.925012278499956e-05
2025-05-27,-0.004639428985399596,2011316.0774987352,-0.28470975071675564,2282735.137298539,-0.00010138399988812719
2025-05-28,-0.010719379986095401,1989756.0161918832,-0.29237721869917166,2258503.6664979863,-0.00010427602391205326
2025-05-29,-0.020447969452070502,1949069.545955718,-0.3068466677148002,2212570.9699691893,-0.00011030199102102234
2025-05-30,-0.015302859933049917,1919243.2076941845,-0.31745389607088736,2178954.437777452,-0.00010943443483624193
2025-05-31,0.005735742807635447,1930251.4931188198,-0.3135389871643963,2191661.192326917,-9.58406018944924e-05
2025-06-01,0.009957235408246223,1949471.4616329228,-0.306703733261009,2213685.325521532,-9.18238495086765e-05
2025-06-02,0.0019374842957786687,1953248.5319749054,-0.3053604826318802,2218191.781051558,-9.82411427339347e-05
2025-06-03,-0.004649478192847889,1944166.945520276,-0.30859019391977366,2208110.6141423443,-0.0001047102447694348
2025-06-04,-0.006560644169548602,1931411.9579845192,-0.31312628763280265,2193860.986345061,-0.00010733168329091214
2025-06-05,-0.030588982201603776,1872332.031977766,-0.33413705539515237,2127054.5537601146,-0.00013744812503257986
2025-06-06,0.027321754050581237,1923487.4272564875,-0.3159445117912629,2185302.7859936557,-6.27021358257096e-05
2025-06-07,0.01203460714836746,1946635.8427983434,-0.30771217272298607,2211783.0841330085,-8.28432612847152e-05
2025-06-08,0.0016252862855083983,1949799.6833365227,-0.30658700681168827,2215593.6436891104,-9.755877259798318e-05
2025-06-09,0.04280279985579738,2033256.5689412728,-0.27690698924683965,2310496.5880981074,-3.129324575934511e-05
2025-06-10,3.1121626535846048e-06,2033262.8967664316,-0.2769047388637766,2310734.83974591,-0.00010000491141171075
2025-06-11,-0.01490055636627774,2002966.1483657022,-0.28767926056052523,2276594.447290755,-0.00012586570600747748
2025-06-12,-0.02751918256223851,1947846.1572628429,-0.3072817450320288,2214288.8125449894,-0.00015127132977821311
2025-06-13,0.003644009936236703,1954944.128014169,-0.30475747282791305,2222562.8710895167,-9.265643612232921e-05
2025-06-14,-0.006259829294703589,1942706.511492117,-0.3091095723664286,2208901.643140105,-0.00011321894360249996
2025-06-15,0.0016051257732800917,1945824.7997836322,-0.3080006063345215,2212660.235758076,-9.644053667456909e-05
2025-06-16,0.01129539917919109,1967803.6676299577,-0.30018419695131177,2237816.424695614,-7.380632782583163e-05
2025-06-17,-0.02115695074329249,1926170.9423614403,-0.31499016542579056,2190808.138273967,-0.00015063141214322062
2025-06-18,0.003117935870328159,1932176.6198350126,-0.31285434869104417,2197840.6479941946,-9.20712486740527e-05
2025-06-19,-0.0022816122044168052,1927768.1420781082,-0.3144221485952826,2193059.0610538214,-0.00010602820803518043
2025-06-20,-0.013136418347471146,1902444.1732868429,-0.3234281860610954,2164548.490077566,-0.00013605210901912468
2025-06-21,-0.011536956525802444,1880495.7575668665,-0.33123376566509183,2139864.6135535254,-0.00013324963857253014
2025-06-22,-0.011455941377402024,1858952.9084077273,-0.33889511244081844,2115638.3813556074,-0.00013455588204225322
2025-06-23,0.04331990519354312,1939482.5721592114,-0.3102561113887667,2207210.412665688,3.650094210150279e-05
2025-06-24,0.007033291985152568,1953123.5193893218,-0.30540494122518935,2222906.7329664254,-7.80917826419536e-05
2025-06-25,0.011792330417776498,1976155.3972766912,-0.2972140467855619,2249258.5805691886,-6.234940839733305e-05
2025-06-26,-0.0037783968465074924,1968688.697955412,-0.2998694510149571,2241012.6009347797,-0.00011230896063985085
2025-06-27,0.0008428259449564379,1970347.9598675913,-0.299279362823416,2243119.147826036,-9.717184460411588e-05
2025-06-28,0.0022356713473510315,1974753.010345779,-0.2977127817723827,2248340.9869317855,-9.226522740046761e-05
2025-06-29,0.009815337198849194,1994135.8770267654,-0.2908195959150368,2270555.595718179,-6.510750038168922e-05
2025-06-30,-0.011311727050732912,1971578.7562837647,-0.2988416510757744,2245191.748572222,-0.00014096021560761063
2025-07-01,-0.013828262928307189,1944315.246858008,-0.3085374530790763,2214485.9935481404,-0.00015203458673751502
2025-07-02,0.029998777143542155,2002642.3266452923,-0.2877944222308895,2280879.2051573033,1.7457865570724707e-05
2025-07-03,0.0066801249974599575,2016020.2277124869,-0.2830367999475037,2296284.4686956857,-7.396504972434492e-05
2025-07-04,-0.014764149401320537,1986255.4038744555,-0.2936221517483276,2262746.096455251,-0.00015865400314574174
2025-07-05,0.0018884532815670596,1990006.3544099324,-0.29228819018277047,2267227.8257808434,-9.220611836013859e-05
2025-07-06,0.009234166455593051,2008382.4043342415,-0.2857530615283292,2288302.0955458293,-6.100429229061177e-05
2025-07-07,-0.008753509619569,1990802.0096381286,-0.2920052289749887,2268586.0906718336,-0.00013751223339653063
2025-07-08,0.0060232654969372135,2002793.138694015,-0.2877407884986618,2282416.8398024878,-7.33729279938089e-05
2025-07-09,0.02121225705250529,2045276.9015749865,-0.2726321630162807,2330842.6920969435,-4.661544470430101e-06
2025-07-10,0.04303021101643312,2133285.5982367946,-0.24133337150430473,2430921.1663644034,9.360503835043055e-05
2025-07-11,0.013039645095363595,2161102.885324853,-0.23144062792302472,2462722.8370595556,-4.2502995318383086e-05
2025-07-12,-0.0010205932961366848,2158897.2782078288,-0.23222501446584953,2460466.8852211726,-0.0001045536166263128
2025-07-13,0.014158331142960279,2189463.6607763306,-0.22135460197737558,2495390.343998085,-3.5502956852395684e-05
2025-07-14,0.006264810722502956,2203180.236194893,-0.21647653593881583,2511201.2849244582,-7.12484693592419e-05
2025-07-15,-0.017563971940693812,2164483.6403460745,-0.23023832007646172,2467551.361879531,-0.0001818834131943614
2025-07-16,0.0073434727926988685,2180378.467069198,-0.22458559612308096,2485830.7323671295,-6.442589179922464e-05
2025-07-17,0.004534304784356236,2190264.967584137,-0.22106963088172318,2497295.5190040832,-7.774964383733263e-05
2025-07-18,-0.010664561856920107,2166906.7513542906,-0.2293765819854187,2471045.5098365285,-0.00015318706455147435
2025-07-19,-0.000823685351837411,2165121.9020044026,-0.23001133320662015,2469267.7376465932,-0.00010424405346465271
2025-07-20,-0.005004734920265763,2154286.040814809,-0.2338649223755298,2457221.466117246,-0.00012625562630785847
2025-07-21,0.0008874865431078849,2156197.9406860373,-0.2331849878039352,2459636.2523874976,-9.524387152870517e-05
2025-07-22,0.021949164579736502,2203524.684152644,-0.2163540388990311,2513574.162373636,1.9942348692181255e-05
2025-07-23,-0.010145972377682888,2181167.783573689,-0.2243048891742443,2488461.76815412,-0.00015526090577555607
2025-07-24,-0.0036148192456927353,2173283.2562915417,-0.22710888678964702,2479765.6877813824,-0.00012025867657949885
2025-07-25,-0.006276481806678391,2159642.683472669,-0.23195992380025518,2464538.5367325614,-0.00013592138040507962
2025-07-26,0.002513717714265118,2165071.4155425974,-0.23002928785544638,2470943.880945425,-8.52857573363508e-05
2025-07-27,0.012658042540568015,2192476.9816239034,-0.2202829658261292,2502282.459167716,-2.4794355873325458e-05
2025-07-28,-0.011500737464019362,2167261.8794623413,-0.22925028673238668,2473926.322197116,-0.0001686287059891045
2025-07-29,-0.0010513859913439116,2164983.250682701,-0.23006064218374858,2471588.64815764,-0.00010646131088687394
2025-07-30,-0.0010430128790970272,2162725.1452692095,-0.23086369885007463,2469274.023969754,-0.00010652039698000326
2025-07-31,-0.017832136074310667,2124159.1361874356,-0.2445790420318721,2425768.057725214,-0.00021320604782570918
2025-08-01,-0.021544658982647236,2078394.8519734028,-0.2608543289596401,2374091.338180092,-0.00024141880659256376
2025-08-02,-0.006779831465527075,2064303.685158204,-0.26586561203776765,2358342.422308908,-0.0001461709917656151
2025-08-03,0.014773986521059879,2094801.6799781055,-0.25501952048536713,2393178.082105671,2.7389417291967533e-06
2025-08-04,0.007360660698863208,2110220.804375833,-0.24953597194838353,2410910.3329341556,-4.8838394026251564e-05
2025-08-05,-0.008199472542367747,2092918.10683202,-0.2556893811404275,2391521.6359527432,-0.00015740780169537505
2025-08-06,0.007511116169269139,2108638.257865202,-0.2500987776161526,2409595.234128872,-4.6247270149679665e-05
2025-08-07,0.021620132911975176,2154227.2972635236,-0.2338858135173612,2461556.724113187,5.5726887118190405e-05
2025-08-08,-0.0069364934887353735,2139284.513642799,-0.23919995958352583,2444850.4012245797,-0.00014960016836063073
2025-08-09,-0.001935352415751157,2135144.2441913416,-0.2406723757796494,2440397.7985296324,-0.00011413558681283575
2025-08-10,0.02439564764182145,2187232.4708370967,-0.22214808661446833,2499735.6601110827,8.081601182974296e-05
2025-08-11,-0.005235139418546142,2175782.0039114933,-0.22622024982802447,2486995.168960654,-0.00013840405019027724
2025-08-12,0.012192022398932245,2202309.186838376,-0.21678630978208757,2517338.8317706618,-8.911156836877154e-06
2025-08-13,0.02650501202715816,2260681.418323048,-0.19602722150302687,2583813.556036812,9.826716341931885e-05
2025-08-14,-0.041044504994455444,2167892.868557815,-0.2290258862254521,2478803.880337747,-0.00040315320120354325
2025-08-15,-0.008220617092267513,2150071.4513883437,-0.23536376920284297,2458833.488919835,-0.00016415422470472674
2025-08-16,0.00023086738544630947,2150567.8327628486,-0.23518723963542126,2459642.5387106575,-9.817067039130656e-05
2025-08-17,0.00010830817528417747,2150800.75684064,-0.23510440416091205,2460152.778607226,-9.913656050097863e-05
2025-08-18,-0.010216708772364691,2128826.6518806177,-0.2429191197048644,2435469.3211713964,-0.00018340610495726217
2025-08-19,-0.029201999930030698,2066660.6561413524,-0.26502739551827054,2365185.9232460926,-0.00034374361190170344
2025-08-20,0.012396070452643349,2092279.1272365868,-0.25591662333235227,2394486.475499583,7.804496250152226e-06
2025-08-21,-0.01573707565604232,2059352.7723177064,-0.2676263197253745,2357371.18538053,-0.00023676254138627062
2025-08-22,0.039685332080569236,2141078.8709581755,-0.2385618270166073,2450324.740977296,0.0002543098583469572
2025-08-23,-0.013023039125909408,2113195.5170500292,-0.248478066135331,2418936.291257928,-0.00021312491557945457
2025-08-24,-0.01709634969343976,2077067.5875199328,-0.26132634791897147,2378191.2781457053,-0.00025216356936708095
2025-08-25,-0.030171805250621686,2014398.7087769026,-0.2836134654933258,2307331.6339306417,-0.0003762018161017622
2025-08-26,0.015039445674358554,2044694.1487240507,-0.2728394091257707,2341932.3947852887,4.343888200031287e-05
2025-08-27,-0.00462853170115074,2035230.217037524,-0.27620509497245954,2331429.8346801815,-0.00014396155365492547
2025-08-28,0.011741246365747138,2059126.3564267748,-0.26770684067425865,2358773.0354454364,1.3164156914102776e-05
2025-08-29,-0.03768059639902244,1981537.2472556678,-0.29530008365657695,2270984.5325018656,-0.00046272862439245
2025-08-30,0.003990314785953242,1989444.2046323093,-0.2924881091607317,2280182.0519187464,-5.969933138127992e-05
2025-08-31,-0.005392806816525875,1978715.5163644704,-0.29630358410842284,2268238.457001029,-0.00015480623334140908
2025-09-01,0.009150062909205836,1996820.887818627,-0.28986471763403215,2289005.7446516524,-5.626866939056896e-06
2025-09-02,0.01842257520548385,2033607.4707963467,-0.27678219698857764,2330968.8376483736,9.012099702676579e-05
2025-09-03,0.004128681980351212,2042003.589316131,-0.2737962606774152,2340727.306635322,-5.7761368584152706e-05
2025-09-04,-0.00891864101542994,2023791.692350801,-0.2802730111324962,2320300.10906771,-0.00019178184234014406
2025-09-05,-0.0007479602160642695,2022277.9766793214,-0.2808113382865968,2318814.860448868,-0.00010784964888466142
2025-09-06,-0.004412225649206181,2013355.2299207922,-0.28398456094642693,2308923.959587327,-0.00014672734218479366
2025-09-07,0.008608304472398354,2030686.8047510458,-0.27782088204011585,2328817.448318569,-7.60886187944898e-06
2025-09-08,0.00833859747159238,2047619.884606739,-0.2717989210730587,2348260.8363114814,-1.0441654231474473e-05
2025-09-09,-0.004781219602625453,2037829.7642757315,-0.2752806103462772,2337388.849948612,-0.00015141604981971923
2025-09-10,0.021775109400141268,2082203.7303316998,-0.2594997663521637,2387964.6247641346,0.00013738540028795931
2025-09-11,0.013405978913724637,2110117.7096346053,-0.2495726358342727,2419871.6961442865,4.43608021065689e-05
2025-09-12,0.004684538167929242,2120002.636584212,-0.2460572302045798,2431328.1010170253,-4.976443620985371e-05
2025-09-13,-0.001069305920197161,2117735.705214079,-0.24686342567181188,2428999.4373740796,-0.00011153159020393932
2025-09-14,-0.005772660545097508,2105510.7358636456,-0.2512110274595061,2415373.203290264,-0.00016284694277468592
2025-09-15,0.0006155733390926788,2106806.8321378166,-0.25075009293140355,2417085.1786311134,-9.32096094461432e-05
2025-09-16,0.012516692521968631,2133177.0854588686,-0.24137196222251228,2447243.8139960817,3.941798005602237e-05
2025-09-17,-0.0030569089694204576,2126656.157292967,-0.24369101907564814,2440090.606871163,-0.00013394433303692832
2025-09-18,0.005335218018451604,2138002.3315424076,-0.23965594577310378,2453206.8106025145,-4.007570810804495e-05
2025-09-19,-0.012551287358447016,2111167.649906189,-0.24919924248899217,2423008.361857527,-0.0002415022174335757
2025-09-20,0.0003647006302978095,2111937.594078774,-0.2489254249794999,2424124.184218607,-9.581051718532407e-05
2025-09-21,-0.004065937201385594,2103350.5884480043,-0.25197924703509067,2414624.7117458917,-0.000147213674530855
2025-09-22,-0.022768507132876703,2055460.4355719856,-0.26901056288451203,2360535.0918274675,-0.00036766792365861
2025-09-23,-0.005961784498963896,2043206.2234089589,-0.2733685643796135,2346868.8348195264,-0.00017231030082320853
2025-09-24,0.011724668163447749,2067162.1383679204,-0.2648490519198347,2374281.394683658,4.4185872566160356e-05
2025-09-25,-0.038633884629311055,1987299.6348041343,-0.29325078883309247,2283915.289699966,-0.0005734823593719351
2025-09-26,0.005930314528781455,1999084.9467014554,-0.2890595437179045,2297514.0735059786,-2.3839667453673385e-05
2025-09-27,-0.0001716251942807112,1998741.8533590941,-0.2891815590118359,2297354.610441794,-0.00010221840978119623
2025-09-28,0.02326071061372348,2045234.0092016174,-0.27264741695711214,2350329.4557196656,0.00020164736023486896
2025-09-29,0.019297118465050778,2084701.1321659319,-0.2586116079962728,2395339.739096637,0.00014649119131426858
2025-09-30,-0.002431711674151349,2079631.7400857275,-0.2604144508041885,2389828.1004931643,-0.000130727595144986
2025-10-01,0.040274562976940986,2163387.9995706556,-0.2306279660262663,2485088.108057707,0.00041395227239493515
2025-10-02,0.016413639814087277,2198897.0709737274,-0.21799977057758965,2525621.4816235085,0.00010300139673091735
2025-10-03,0.01420064339963556,2230122.8241511285,-0.20689486418112876,2561299.508723847,7.420863499119079e-05
2025-10-04,0.0012156208405484925,2232833.8079331494,-0.20593074904928133,2564631.259999185,-8.518418595837574e-05
2025-10-05,0.008926191716496445,2252764.5105738356,-0.19884273467912045,2587499.0177620077,9.604712550181915e-06
2025-10-06,0.009542578261329426,2274261.692220332,-0.19119762877516322,2612146.224067609,1.7084285714563663e-05
2025-10-07,-0.027109808313244943,2212606.8936900827,-0.21312410602236656,2542460.445930812,-0.00043221366148660234
2025-10-08,0.01636921066306951,2248825.5220474554,-0.20024356874815558,2583804.5456402795,0.00010775818870034648
2025-10-09,-0.013600654711198756,2218240.0226163566,-0.2111207798226725,2549363.8764821333,-0.0002712141324758832
2025-10-10,-0.07410676973107011,2053853.4200520825,-0.2695820705379799,2363123.1710728565,-0.0010529749678565015
2025-10-11,-0.01925737687020268,2014301.590705985,-0.28364800387838307,2318488.1811885983,-0.0003692416978010593
2025-10-12,0.03945969520981385,2093785.3175358865,-0.25538097244848224,2408893.890008205,0.00046630738358843793
2025-10-13,0.0017263879209903354,2097400.0032172273,-0.2540954711535778,2413235.643871413,-7.599693340964997e-05
2025-10-14,-0.018927994729449504,2057700.4270107842,-0.2682139481442554,2368438.04776139,-0.00036470348029615796
2025-10-15,-0.02043123002931868,2015659.0762550996,-0.283165237301967,2320979.2415132034,-0.0003932111784378245
2025-10-16,-0.02364224881835164,1968004.3628413077,-0.300112823123318,2267147.3608443807,-0.0004486416951244854
2025-10-17,-0.016644041558546263,1935248.8164387767,-0.31176177438154706,2230213.1168323653,-0.0003529770031925894
2025-10-18,0.007088288940157561,1948966.4192207926,-0.3068833429787022,2245998.7029219894,1.0227220188507857e-05
2025-10-19,0.013713630099851049,1975693.8237710176,-0.29737819752826683,2276545.4139700974,0.0001131275668941889
2025-10-20,0.01756110657970744,2010389.19357913,-0.28503938116983457,2316134.7913412196,0.00017099561237032823
2025-10-21,-0.02063008759520857,1968914.688415132,-0.2997890813634254,2269313.837349771,-0.0004149627387076693
2025-10-22,-0.006951845199905993,1955227.0982894488,-0.3046568392770709,2254012.298143545,-0.00020904085333051103
2025-10-23,0.02361635273790208,2001402.431125357,-0.28823536991955045,2306623.374854499,0.0002752748057694987
2025-10-24,0.008450694958908045,2018315.6725608145,-0.2822204641482005,2326042.036642979,3.2041961556483756e-05
2025-10-25,0.005767883147539177,2029957.0815149923,-0.27808039565971243,2339481.776473018,-1.0060508816911451e-05
2025-10-26,0.026404522889622806,2083557.129738807,-0.2590184529424418,2400524.6984398407,0.0003120255764570423
2025-10-27,-0.004106226511848998,2075001.5722137215,-0.2620610910157604,2391058.5434798794,-0.00016285739504151575
2025-10-28,-0.010865064110602507,2052456.5471020185,-0.2700788445715822,2365720.470258883,-0.00026805330545498496
2025-10-29,-0.025993463489580426,1999106.092780972,-0.28905202347548314,2305431.2784390654,-0.0005089683525789646
2025-10-30,-0.015793716548154868,1967532.7778019,-0.3002805342971956,2269842.0980394026,-0.0003566134202058757
2025-10-31,0.011962492526895963,1991069.373952778,-0.29191014541780214,2296771.239652452,9.86092918859871e-05
2025-11-01,0.00444465825371676,1999918.9968794398,-0.28876292800126035,2307040.7867123913,-2.6639053843258154e-05
2025-11-02,0.003985759102866693,2007890.1922262479,-0.2859281083672452,2316314.7897277307,-3.4110449832036593e-05
2025-11-03,-0.03650740015798559,1934587.3415053496,-0.31199701665665186,2233384.7764112023,-0.0007048340800493991
2025-11-04,-0.04865808921304382,1840454.018051957,-0.3454739271990128,2126814.4162153625,-0.0009411166065204091
2025-11-05,0.02386280606168034,1884372.4153501713,-0.32985509846144956,2176852.291312408,0.0003356592097762956
2025-11-06,-0.024989814209763317,1837282.2987885675,-0.34660189504451805,2123646.528430422,-0.0005482096533472314
2025-11-07,0.019934208814103016,1873907.067783074,-0.33357692078159634,2165409.5068065184,0.0002685168936291671
2025-11-08,-0.01021607044740025,1854763.101166721,-0.3403851459066649,2143907.3479783726,-0.0002862355775716807
2025-11-09,0.02389777643826796,1899087.8151043518,-0.32462181758818165,2194407.896460069,0.00034239820360859596
2025-11-10,0.012426700535215884,1922687.210672731,-0.31622909516733155,2221400.73948115,0.00012595960887074042
2025-11-11,-0.02846153661214701,1867964.5782324623,-0.3356902658095475,2159540.3859592895,-0.0006140832362608872
2025-11-12,-0.013990669498113228,1841830.5031842294,-0.34498440374498557,2130107.401831208,-0.0003613878604801224
2025-11-13,-0.019780811066006265,1805397.6019851349,-0.35794114349979345,2088987.5143144834,-0.0004766729359879651
2025-11-14,-0.05225770290752263,1711051.670470642,-0.3914936644719249,1982161.5103100953,-0.0011200090379430705
2025-11-15,0.010716744211839435,1729388.5735563163,-0.3849724577227868,2003162.8587264132,0.00012156904216698017
2025-11-16,-0.01435807791549959,1704557.87767102,-0.39380307109498125,1975192.911542005,-0.0003951856511176244
2025-11-17,-0.0007148403801437997,1703339.3908697686,-0.3942364051380817,1932313.9012607231,0.020993930459767052
2025-11-18,0.0,1703339.3908697686,-0.3942364051380817,1947939.395653847,-0.0080864161785148
2025-11-19,0.0,1703339.3908697686,-0.3942364051380817,1918480.2185125942,0.015123251373723723
2025-11-20,0.0,1703339.3908697686,-0.3942364051380817,1815432.0851838705,0.05371341978632305
2025-11-21,0.0,1703339.3908697686,-0.3942364051380817,1783837.0249766104,0.01740360350856096
2025-11-22,0.0,1703339.3908697686,-0.3942364051380817,1775671.300734558,0.00457761786963673
2025-11-23,0.0,1703339.3908697686,-0.3942364051380817,1819471.4669030334,-0.02466682102163631
2025-11-24,0.0,1703339.3908697686,-0.3942364051380817,1850274.6599361107,-0.01692974778302414
2025-11-25,0.0,1703339.3908697686,-0.3942364051380817,1830786.0104164383,0.010532841389259029
2025-11-26,0.0,1703339.3908697686,-0.3942364051380817,1896039.3020924036,-0.035642227603171595
2025-11-27,0.0,1703339.3908697686,-0.3942364051380817,1913849.084239874,-0.009393150304329856
2025-11-28,0.0,1703339.3908697686,-0.3942364051380817,1904561.0417694747,0.004853069422706469
2025-11-29,0.0,1703339.3908697686,-0.3942364051380817,1902711.6054955043,0.000971056444718732
2025-11-30,0.0,1703339.3908697686,-0.3942364051380817,1893440.5360976397,0.004872556288134988
2025-12-01,0.0,1703339.3908697686,-0.3942364051380817,1808072.4771151645,0.0450862107127048
2025-12-02,0.0,1703339.3908697686,-0.3942364051380817,1912674.1704410806,-0.05785259974357393
2025-12-03,0.0,1703339.3908697686,-0.3942364051380817,1957769.5287248301,-0.023577125147954625
2025-12-04,0.0,1703339.3908697686,-0.3942364051380817,1929441.4706643494,0.014469557138797606
2025-12-05,0.0,1703339.3908697686,-0.3942364051380817,1871858.3314212435,0.029844460232980596
2025-12-06,0.0,1703339.3908697686,-0.3942364051380817,1869904.332638695,0.0010438817669845557
2025-12-07,0.0,1703339.3908697686,-0.3942364051380817,1894180.436333691,-0.01298253780755676
2025-12-08,0.0,1703339.3908697686,-0.3942364051380817,1899189.1690842821,-0.0026442743544992098
2025-12-09,0.0,1703339.3908697686,-0.3942364051380817,1942029.6232501764,-0.022557233825501566
2025-12-10,0.0,1703339.3908697686,-0.3942364051380817,1928127.838667803,0.007158379262571457
2025-12-11,0.0,1703339.3908697686,-0.3942364051380817,1938563.344659193,-0.005412247975528528
2025-12-12,0.0,1703339.3908697686,-0.3942364051380817,1891521.5311806872,0.02426632774632176
2025-12-13,0.0,1703339.3908697686,-0.3942364051380817,1890926.216377339,0.00031472800786813693
2025-12-14,0.0,1703339.3908697686,-0.3942364051380817,1847595.8480930966,0.022914891077693733
2025-12-15,0.0,1703339.3908697686,-0.3942364051380817,1811133.287862263,0.019735138649757622
2025-12-16,0.0,1703339.3908697686,-0.3942364051380817,1841126.173839886,-0.016560286412174774
2025-12-17,0.0,1703339.3908697686,-0.3942364051380817,1807175.837888299,0.018439983328670806
2025-12-18,0.0,1703339.3908697686,-0.3942364051380817,1791945.9627661088,0.008427445079160933
2025-12-19,0.0,1703339.3908697686,-0.3942364051380817,1846857.6242098885,-0.03064359226492308
2025-12-20,0.0,1703339.3908697686,-0.3942364051380817,1851550.573993691,-0.002541045786250251
2025-12-21,0.0,1703339.3908697686,-0.3942364051380817,1857794.1501572113,-0.003372079732098854
2025-12-22,0.0,1703339.3908697686,-0.3942364051380817,1856996.4157480784,0.00042939870871350205
2025-12-23,0.0,1703339.3908697686,-0.3942364051380817,1833217.5602151188,0.012805008847246668
2025-12-24,0.0,1703339.3908697686,-0.3942364051380817,1837061.6468280791,-0.002096906933680698
2025-12-25,0.0,1703339.3908697686,-0.3942364051380817,1827754.1167558809,0.00506653115766087
2025-12-26,0.0,1703339.3908697686,-0.3942364051380817,1830777.6286522234,-0.0016542224518192317
2025-12-27,0.0,1703339.3908697686,-0.3942364051380817,1841410.94427908,-0.005808086935541468
2025-12-28,0.0,1703339.3908697686,-0.3942364051380817,1842997.1931567094,-0.0008614312207482211
2025-12-29,0.0,1703339.3908697686,-0.3942364051380817,1828002.6360648463,0.008135963064696994
2025-12-30,0.0,1703339.3908697686,-0.3942364051380817,1854161.2840024605,-0.014309961824741313
2025-12-31,0.0,1703339.3908697686,-0.3942364051380817,1836616.7846923845,0.009462229344042727
